COMMANDID,MESSAGENAME,TEXT,LEVEL,MACHINENAME,TRANSACTIONID,CARRIER,UNITNAME,PROCESS,OPERATION_NAME,TIME_EX,THREAD,COMMAND
,,[ 2025-12-29 17:31:10.093 ] [ WELL ] [ Tibrv Dispatcher ] [ kr.co.aim.nanotrans.server.extension.framework.communication.msb.cmessage.interfaceManager.HostInterface.onMsg ] [ < ?xml version="1.0" encoding="UTF-8"? > < Envelop > < Header > < Factory > M14 < /Factory > < Environment > REAL < /Environment > < Sender_Node > MES < /Sender_Node > < Send_Process > MHS < /Send_Process > < Listen_Process > MCS < /Listen_Process > < Command > MHSMCS_TRANSPORT_JOB_SCHEDULE_REQ < /Command > < ReplySubjectName / > < /Header > < Body > < DATA DESTINATION="MCS" ORIGINATION="MHS" SEQUENCE_NAME="MHSMCS_TRANSPORT_JOB_SCHEDULE_REQ" TID="MHSMCS_TRANSPORT_JOB_SCHEDULE_REQ" > < MHSMCS_TRANSPORT_JOB_SCHEDULE_REQ > < SCHEDULE_INFO SEQUENCE_NO="20251229173109913558" REQUESTOR="SFAB" TRIGGER_EVENT_CODE="" BATCH_ID="" > < CARRIER_INFO_LIST > < CARRIER_INFO CARRIER_ID="4PDML395" CARRIER_TYPE="FOUP" CARRIER_SUB_TYPE="Metal" LOT_ID="TE25160" SOURCE_ID="4ANZ53G1" SOURCE_TYPE="ZFS" DETAIL_SOURCE_ID="Partition1" PRIORITY="50" DESTINATION_ID="4AFC_M16" DESTINATION_TYPE="STOCKER_PORT" DETAIL_DESTINATION_ID="OUT" ROUTER="MHS" REASONCODE="" OPERATION_ID="J3050000C" DEFINITE_FLAG="NO" BATCH_SEQUENCE="" CURRENT_FLOOR="3F" DESTINATION_FLOOR="6F" SOURCE_FAB="M14" DESTINATION_FAB="M16" F_DESTINATION_ID="" F_DESTINATION_TYPE="" F_DETAIL_DESTINATION_ID="" / > < /CARRIER_INFO_LIST > < /SCHEDULE_INFO > < /MHSMCS_TRANSPORT_JOB_SCHEDULE_REQ > < /DATA > < /Body > < /Envelop > . transactionId=MCS2025122917311009304-mnex. [GTXN:MCS2025122917311009304-mnex] ],WELL,,'MCS2025122917311009304-mnex,4PDML395,,ts15_m14a,HostInterface.onMsg,[2025-12-29 17:31:10.093],Tibrv Dispatcher,MHSMCS_TRANSPORT_JOB_SCHEDULE_REQ
,UI-CARRIER,[ 2025-12-29 17:31:10.104 ] [ WELL ] [ THREAD-ID=459 ] [ kr.co.aim.nanotrans.server.extension.framework.communication.msb.tibrv.marker.UiSenderEx.send ] [ < ?xml version="1.0" encoding="UTF-8"? > < MESSAGE > < HEADER > < MESSAGENAME > UI-CARRIER < /MESSAGENAME > < TRANSACTIONID / > < CONVERSATIONID / > < TIME / > < /HEADER > < ORIGINATED > < ORIGINATEDTYPE > N < /ORIGINATEDTYPE > < ORIGINATEDNAME / > < MACHINENAME > 4ANZ53G1 < /MACHINENAME > < CONNECTIONID / > < USERNAME / > < /ORIGINATED > < DATA > < CARRIERNAME > 4PDML395 < /CARRIERNAME > < MACHINENAME > 4ANZ53G1 < /MACHINENAME > < UNITNAME > 4ANZ53-411 < /UNITNAME > < CARRIERKIND > CARRIER < /CARRIERKIND > < STATE > COMPLETED < /STATE > < TYPE > FOUP < /TYPE > < RESERVED > F < /RESERVED > < HOLDED > F < /HOLDED > < PRODUCTEMPTY / > < LOTID / > < CONTAINERNAME / > < SLOTNUMBER / > < MAXCAPA > -1 < /MAXCAPA > < CARRIERSHOPNAME > M14 < /CARRIERSHOPNAME > < /DATA > < TAIL / > < /MESSAGE > was sent to DocumentM14.REAL.NANOTRANS.MCSUIF.SENDER.ALL. transactionId=MCS2025122917311009304-mnex. [GTXN:MCS2025122917311009304-mnex] ],WELL,4ANZ53G1,'MCS2025122917311009304-mnex,4PDML395,4ANZ53-411,ts15_m14a,UiSenderEx.send,[2025-12-29 17:31:10.104],THREAD-ID=459,
,,[ 2025-12-29 17:31:10.118 ] [ WELL ] [ THREAD-ID=459 ] [ kr.co.aim.nanotrans.server.extension.framework.material.impl.MaterialManagerExImpl.updateCarrierHostDestData ] [ updateCarrierHostDestData. Carrier[4PDML395]. HostDestData[ | | | ].. transactionId=MCS2025122917311009304-mnex. [GTXN:MCS2025122917311009304-mnex] ],WELL,,'MCS2025122917311009304-mnex,,,ts15_m14a,MaterialManagerExImpl.updateCarrierHostDestData,[2025-12-29 17:31:10.118],THREAD-ID=459,
,UI-CARRIER,[ 2025-12-29 17:31:10.121 ] [ WELL ] [ THREAD-ID=459 ] [ kr.co.aim.nanotrans.server.extension.framework.communication.msb.tibrv.marker.UiSenderEx.send ] [ < ?xml version="1.0" encoding="UTF-8"? > < MESSAGE > < HEADER > < MESSAGENAME > UI-CARRIER < /MESSAGENAME > < TRANSACTIONID / > < CONVERSATIONID / > < TIME / > < /HEADER > < ORIGINATED > < ORIGINATEDTYPE > N < /ORIGINATEDTYPE > < ORIGINATEDNAME / > < MACHINENAME > 4ANZ53G1 < /MACHINENAME > < CONNECTIONID / > < USERNAME / > < /ORIGINATED > < DATA > < CARRIERNAME > 4PDML395 < /CARRIERNAME > < MACHINENAME > 4ANZ53G1 < /MACHINENAME > < UNITNAME > 4ANZ53-411 < /UNITNAME > < CARRIERKIND > CARRIER < /CARRIERKIND > < STATE > COMPLETED < /STATE > < TYPE > FOUP < /TYPE > < RESERVED > F < /RESERVED > < HOLDED > F < /HOLDED > < PRODUCTEMPTY / > < LOTID / > < CONTAINERNAME / > < SLOTNUMBER / > < MAXCAPA > -1 < /MAXCAPA > < CARRIERSHOPNAME > M14 < /CARRIERSHOPNAME > < /DATA > < TAIL / > < /MESSAGE > was sent to DocumentM14.REAL.NANOTRANS.MCSUIF.SENDER.ALL. transactionId=MCS2025122917311009304-mnex. [GTXN:MCS2025122917311009304-mnex] ],WELL,4ANZ53G1,'MCS2025122917311009304-mnex,4PDML395,4ANZ53-411,ts15_m14a,UiSenderEx.send,[2025-12-29 17:31:10.121],THREAD-ID=459,
,UI-CARRIER,[ 2025-12-29 17:31:10.137 ] [ WELL ] [ THREAD-ID=459 ] [ kr.co.aim.nanotrans.server.extension.framework.communication.msb.tibrv.marker.UiSenderEx.send ] [ < ?xml version="1.0" encoding="UTF-8"? > < MESSAGE > < HEADER > < MESSAGENAME > UI-CARRIER < /MESSAGENAME > < TRANSACTIONID / > < CONVERSATIONID / > < TIME / > < /HEADER > < ORIGINATED > < ORIGINATEDTYPE > N < /ORIGINATEDTYPE > < ORIGINATEDNAME / > < MACHINENAME > 4ANZ53G1 < /MACHINENAME > < CONNECTIONID / > < USERNAME / > < /ORIGINATED > < DATA > < CARRIERNAME > 4PDML395 < /CARRIERNAME > < MACHINENAME > 4ANZ53G1 < /MACHINENAME > < UNITNAME > 4ANZ53-411 < /UNITNAME > < CARRIERKIND > CARRIER < /CARRIERKIND > < STATE > COMPLETED < /STATE > < TYPE > FOUP < /TYPE > < RESERVED > F < /RESERVED > < HOLDED > F < /HOLDED > < PRODUCTEMPTY / > < LOTID / > < CONTAINERNAME / > < SLOTNUMBER / > < MAXCAPA > -1 < /MAXCAPA > < CARRIERSHOPNAME > M14 < /CARRIERSHOPNAME > < /DATA > < TAIL / > < /MESSAGE > was sent to DocumentM14.REAL.NANOTRANS.MCSUIF.SENDER.ALL. transactionId=MCS2025122917311009304-mnex. [GTXN:MCS2025122917311009304-mnex] ],WELL,4ANZ53G1,'MCS2025122917311009304-mnex,4PDML395,4ANZ53-411,ts15_m14a,UiSenderEx.send,[2025-12-29 17:31:10.137],THREAD-ID=459,
,UI-CARRIER,[ 2025-12-29 17:31:10.140 ] [ WELL ] [ THREAD-ID=459 ] [ kr.co.aim.nanotrans.server.extension.framework.communication.msb.tibrv.marker.UiSenderEx.send ] [ < ?xml version="1.0" encoding="UTF-8"? > < MESSAGE > < HEADER > < MESSAGENAME > UI-CARRIER < /MESSAGENAME > < TRANSACTIONID / > < CONVERSATIONID / > < TIME / > < /HEADER > < ORIGINATED > < ORIGINATEDTYPE > N < /ORIGINATEDTYPE > < ORIGINATEDNAME / > < MACHINENAME > 4ANZ53G1 < /MACHINENAME > < CONNECTIONID / > < USERNAME / > < /ORIGINATED > < DATA > < CARRIERNAME > 4PDML395 < /CARRIERNAME > < MACHINENAME > 4ANZ53G1 < /MACHINENAME > < UNITNAME > 4ANZ53-411 < /UNITNAME > < CARRIERKIND > CARRIER < /CARRIERKIND > < STATE > COMPLETED < /STATE > < TYPE > FOUP < /TYPE > < RESERVED > F < /RESERVED > < HOLDED > F < /HOLDED > < PRODUCTEMPTY / > < LOTID / > < CONTAINERNAME / > < SLOTNUMBER / > < MAXCAPA > -1 < /MAXCAPA > < CARRIERSHOPNAME > M14 < /CARRIERSHOPNAME > < /DATA > < TAIL / > < /MESSAGE > was sent to DocumentM14.REAL.NANOTRANS.MCSUIF.SENDER.ALL. transactionId=MCS2025122917311009304-mnex. [GTXN:MCS2025122917311009304-mnex] ],WELL,4ANZ53G1,'MCS2025122917311009304-mnex,4PDML395,4ANZ53-411,ts15_m14a,UiSenderEx.send,[2025-12-29 17:31:10.140],THREAD-ID=459,
,UI-CARRIER,[ 2025-12-29 17:31:10.143 ] [ WELL ] [ THREAD-ID=459 ] [ kr.co.aim.nanotrans.server.extension.framework.communication.msb.tibrv.marker.UiSenderEx.send ] [ < ?xml version="1.0" encoding="UTF-8"? > < MESSAGE > < HEADER > < MESSAGENAME > UI-CARRIER < /MESSAGENAME > < TRANSACTIONID / > < CONVERSATIONID / > < TIME / > < /HEADER > < ORIGINATED > < ORIGINATEDTYPE > N < /ORIGINATEDTYPE > < ORIGINATEDNAME / > < MACHINENAME > 4ANZ53G1 < /MACHINENAME > < CONNECTIONID / > < USERNAME / > < /ORIGINATED > < DATA > < CARRIERNAME > 4PDML395 < /CARRIERNAME > < MACHINENAME > 4ANZ53G1 < /MACHINENAME > < UNITNAME > 4ANZ53-411 < /UNITNAME > < CARRIERKIND > CARRIER < /CARRIERKIND > < STATE > COMPLETED < /STATE > < TYPE > FOUP < /TYPE > < RESERVED > F < /RESERVED > < HOLDED > F < /HOLDED > < PRODUCTEMPTY / > < LOTID / > < CONTAINERNAME / > < SLOTNUMBER / > < MAXCAPA > -1 < /MAXCAPA > < CARRIERSHOPNAME > M14 < /CARRIERSHOPNAME > < /DATA > < TAIL / > < /MESSAGE > was sent to DocumentM14.REAL.NANOTRANS.MCSUIF.SENDER.ALL. transactionId=MCS2025122917311009304-mnex. [GTXN:MCS2025122917311009304-mnex] ],WELL,4ANZ53G1,'MCS2025122917311009304-mnex,4PDML395,4ANZ53-411,ts15_m14a,UiSenderEx.send,[2025-12-29 17:31:10.143],THREAD-ID=459,
,VM-FABTRANSPORTJOBCREATED,[ 2025-12-29 17:31:10.211 ] [ WELL ] [ THREAD-ID=459 ] [ kr.co.aim.nanotrans.communication.msb.tibrv.marker.MsSender.send ] [ < ?xml version="1.0" encoding="UTF-8"? > < MESSAGE > < HEADER > < MESSAGENAME > VM-FABTRANSPORTJOBCREATED < /MESSAGENAME > < TRANSACTIONID / > < CONVERSATIONID / > < TIME / > < /HEADER > < ORIGINATED > < ORIGINATEDTYPE > N < /ORIGINATEDTYPE > < ORIGINATEDNAME / > < MACHINENAME > M14-M16B < /MACHINENAME > < CONNECTIONID / > < USERNAME > SFAB < /USERNAME > < /ORIGINATED > < DATA > < CEID > 2 < /CEID > < CARRIERID > 4PDML395 < /CARRIERID > < STATE > CREATED < /STATE > < LOTID > TE25160 < /LOTID > < TYPE > FOUP < /TYPE > < PROCESSTYPE > FOUP < /PROCESSTYPE > < SOURCEFABNAME > M14 < /SOURCEFABNAME > < SOURCEFLOORNAME > 3F < /SOURCEFLOORNAME > < SOURCEMACHINENAME > 4ANZ53G1 < /SOURCEMACHINENAME > < SOURCEUNITNAME > 4ANZ53G1_Partition1 < /SOURCEUNITNAME > < DESTFABNAME > M16 < /DESTFABNAME > < DESTFLOORNAME > 6F < /DESTFLOORNAME > < DESTMACHINENAME > 4AFC_M16 < /DESTMACHINENAME > < DESTUNITNAME > 4AFC_M16_OUT < /DESTUNITNAME > < CURRENTFABNAME > M14 < /CURRENTFABNAME > < CURRENTFLOORNAME > 3F < /CURRENTFLOORNAME > < CURRENTMACHINENAME > 4ANZ53G1 < /CURRENTMACHINENAME > < CURRENTUNITNAME > 4ANZ53-411 < /CURRENTUNITNAME > < TRANSPORTJOBID > N4PDML39520251229173110 < /TRANSPORTJOBID > < PRIORITY > 50 < /PRIORITY > < USERNAME > SFAB < /USERNAME > < CMDTYPE / > < /DATA > < TAIL / > < /MESSAGE > was sent to M14.REAL.NANOTRANS.EM.MS01_VM_P. transactionId=MCS2025122917311009304-mnex. [GTXN:MCS2025122917311009304-mnex] ],WELL,M14-M16B,'MCS2025122917311009304-mnex,4PDML395,,ts15_m14a,MsSender.send,[2025-12-29 17:31:10.211],THREAD-ID=459,
,VM-TRANSPORTJOBCREATED,[ 2025-12-29 17:31:10.215 ] [ WELL ] [ Tibrv Dispatcher ] [ kr.co.aim.nanotrans.communication.msb.tibrv.marker.EsListener.onMsg ] [ < MESSAGE > < HEADER > < MESSAGENAME > VM-TRANSPORTJOBCREATED < /MESSAGENAME > < TRANSACTIONID > MCS2025122917311021504-ZCrp < /TRANSACTIONID > < CONVERSATIONID > c4857928-ecb6-4d63-9679-72d5bca70c35 < /CONVERSATIONID > < TIME > 2025-12-29 17:31:10.213 < /TIME > < /HEADER > < ORIGINATED > < ORIGINATEDTYPE > M < /ORIGINATEDTYPE > < ORIGINATEDNAME / > < MACHINENAME > M14-M16B < /MACHINENAME > < CONNECTIONID > M14-M16B < /CONNECTIONID > < USERNAME / > < /ORIGINATED > < DATA > < LIST > < CEID > 2 < /CEID > < LIST > < CARRIERID > 4PDML395 < /CARRIERID > < STATE > CREATED < /STATE > < LOTID > TE25160 < /LOTID > < TYPE > FOUP < /TYPE > < PROCESSTYPE > FOUP < /PROCESSTYPE > < SOURCEFABNAME > M14 < /SOURCEFABNAME > < SOURCEFLOORNAME > 3F < /SOURCEFLOORNAME > < SOURCEMACHINENAME > 4ANZ53G1 < /SOURCEMACHINENAME > < SOURCEUNITNAME > 4ANZ53G1_Partition1 < /SOURCEUNITNAME > < DESTFABNAME > M16 < /DESTFABNAME > < DESTFLOORNAME > 6F < /DESTFLOORNAME > < DESTMACHINENAME > 4AFC_M16 < /DESTMACHINENAME > < DESTUNITNAME > 4AFC_M16_OUT < /DESTUNITNAME > < CURRENTFABNAME > M14 < /CURRENTFABNAME > < CURRENTFLOORNAME > 3F < /CURRENTFLOORNAME > < CURRENTMACHINENAME > 4ANZ53G1 < /CURRENTMACHINENAME > < CURRENTUNITNAME > 4ANZ53-411 < /CURRENTUNITNAME > < TRANSPORTJOBID > N4PDML39520251229173110 < /TRANSPORTJOBID > < PRIORITY > 50 < /PRIORITY > < USERNAME > SFAB < /USERNAME > < CMDTYPE / > < /LIST > < /LIST > < /DATA > < TAIL > < SECSII > < ![CDATA[RECV S11F69:FabTransportJobInfo [D=1] [len=199] [SB=38286373] < L.2 < U2.1 [CEID] '2' > < L.21 < A.8 [CARRIERID] '4PDML395' > < A.7 [STATE] 'CREATED' > < A.7 [LOTID] 'TE25160' > < A.4 [TYPE] 'FOUP' > < A.4 [PROCESSTYPE] 'FOUP' > < A.3 [SOURCEFABNAME] 'M14' > < A.2 [SOURCEFLOORNAME] '3F' > < A.8 [SOURCEMACHINENAME] '4ANZ53G1' > < A.19 [SOURCEUNITNAME] '4ANZ53G1_Partition1' > < A.3 [DESTFABNAME] 'M16' > < A.2 [DESTFLOORNAME] '6F' > < A.8 [DESTMACHINENAME] '4AFC_M16' > < A.12 [DESTUNITNAME] '4AFC_M16_OUT' > < A.3 [CURRENTFABNAME] 'M14' > < A.2 [CURRENTFLOORNAME] '3F' > < A.8 [CURRENTMACHINENAME] '4ANZ53G1' > < A.10 [CURRENTUNITNAME] '4ANZ53-411' > < A.23 [TRANSPORTJOBID] 'N4PDML39520251229173110' > < A.2 [PRIORITY] '50' > < A.4 [USERNAME] 'SFAB' > < A.0 [CMDTYPE] '' > > > .]] > < /SECSII > < /TAIL > < /MESSAGE > . transactionId=MCS2025122917311021504-ZCrp. [GTXN:MCS2025122917311021504-ZCrp] ],WELL,M14-M16B,'MCS2025122917311021504-ZCrp,4PDML395,,ts13_m16b,EsListener.onMsg,[2025-12-29 17:31:10.215],Tibrv Dispatcher,
,VM-FABTRANSPORTJOBCREATED,[ 2025-12-29 17:31:10.216 ] [ WELL ] [ THREAD-ID=459 ] [ kr.co.aim.nanotrans.communication.msb.tibrv.marker.MsSender.send ] [ < ?xml version="1.0" encoding="UTF-8"? > < MESSAGE > < HEADER > < MESSAGENAME > VM-FABTRANSPORTJOBCREATED < /MESSAGENAME > < TRANSACTIONID / > < CONVERSATIONID / > < TIME / > < /HEADER > < ORIGINATED > < ORIGINATEDTYPE > N < /ORIGINATEDTYPE > < ORIGINATEDNAME / > < MACHINENAME > M14-M16 < /MACHINENAME > < CONNECTIONID / > < USERNAME > SFAB < /USERNAME > < /ORIGINATED > < DATA > < CEID > 2 < /CEID > < CARRIERID > 4PDML395 < /CARRIERID > < STATE > CREATED < /STATE > < LOTID > TE25160 < /LOTID > < TYPE > FOUP < /TYPE > < PROCESSTYPE > FOUP < /PROCESSTYPE > < SOURCEFABNAME > M14 < /SOURCEFABNAME > < SOURCEFLOORNAME > 3F < /SOURCEFLOORNAME > < SOURCEMACHINENAME > 4ANZ53G1 < /SOURCEMACHINENAME > < SOURCEUNITNAME > 4ANZ53G1_Partition1 < /SOURCEUNITNAME > < DESTFABNAME > M16 < /DESTFABNAME > < DESTFLOORNAME > 6F < /DESTFLOORNAME > < DESTMACHINENAME > 4AFC_M16 < /DESTMACHINENAME > < DESTUNITNAME > 4AFC_M16_OUT < /DESTUNITNAME > < CURRENTFABNAME > M14 < /CURRENTFABNAME > < CURRENTFLOORNAME > 3F < /CURRENTFLOORNAME > < CURRENTMACHINENAME > 4ANZ53G1 < /CURRENTMACHINENAME > < CURRENTUNITNAME > 4ANZ53-411 < /CURRENTUNITNAME > < TRANSPORTJOBID > N4PDML39520251229173110 < /TRANSPORTJOBID > < PRIORITY > 50 < /PRIORITY > < USERNAME > SFAB < /USERNAME > < CMDTYPE / > < /DATA > < TAIL / > < /MESSAGE > was sent to M14.REAL.NANOTRANS.EM.MS01_VM_P. transactionId=MCS2025122917311009304-mnex. [GTXN:MCS2025122917311009304-mnex] ],WELL,M14-M16,'MCS2025122917311009304-mnex,4PDML395,,ts15_m14a,MsSender.send,[2025-12-29 17:31:10.216],THREAD-ID=459,
,VM-FABTRANSPORTJOBCREATED,[ 2025-12-29 17:31:10.222 ] [ WELL ] [ THREAD-ID=459 ] [ kr.co.aim.nanotrans.communication.msb.tibrv.marker.MsSender.send ] [ < ?xml version="1.0" encoding="UTF-8"? > < MESSAGE > < HEADER > < MESSAGENAME > VM-FABTRANSPORTJOBCREATED < /MESSAGENAME > < TRANSACTIONID / > < CONVERSATIONID / > < TIME / > < /HEADER > < ORIGINATED > < ORIGINATEDTYPE > N < /ORIGINATEDTYPE > < ORIGINATEDNAME / > < MACHINENAME > M14-M14B < /MACHINENAME > < CONNECTIONID / > < USERNAME > SFAB < /USERNAME > < /ORIGINATED > < DATA > < CEID > 2 < /CEID > < CARRIERID > 4PDML395 < /CARRIERID > < STATE > CREATED < /STATE > < LOTID > TE25160 < /LOTID > < TYPE > FOUP < /TYPE > < PROCESSTYPE > FOUP < /PROCESSTYPE > < SOURCEFABNAME > M14 < /SOURCEFABNAME > < SOURCEFLOORNAME > 3F < /SOURCEFLOORNAME > < SOURCEMACHINENAME > 4ANZ53G1 < /SOURCEMACHINENAME > < SOURCEUNITNAME > 4ANZ53G1_Partition1 < /SOURCEUNITNAME > < DESTFABNAME > M16 < /DESTFABNAME > < DESTFLOORNAME > 6F < /DESTFLOORNAME > < DESTMACHINENAME > 4AFC_M16 < /DESTMACHINENAME > < DESTUNITNAME > 4AFC_M16_OUT < /DESTUNITNAME > < CURRENTFABNAME > M14 < /CURRENTFABNAME > < CURRENTFLOORNAME > 3F < /CURRENTFLOORNAME > < CURRENTMACHINENAME > 4ANZ53G1 < /CURRENTMACHINENAME > < CURRENTUNITNAME > 4ANZ53-411 < /CURRENTUNITNAME > < TRANSPORTJOBID > N4PDML39520251229173110 < /TRANSPORTJOBID > < PRIORITY > 50 < /PRIORITY > < USERNAME > SFAB < /USERNAME > < CMDTYPE / > < /DATA > < TAIL / > < /MESSAGE > was sent to M14.REAL.NANOTRANS.EM.MS01_VM_P. transactionId=MCS2025122917311009304-mnex. [GTXN:MCS2025122917311009304-mnex] ],WELL,M14-M14B,'MCS2025122917311009304-mnex,4PDML395,,ts15_m14a,MsSender.send,[2025-12-29 17:31:10.222],THREAD-ID=459,
,VM-TRANSPORTJOBCREATED,[ 2025-12-29 17:31:10.222 ] [ WELL ] [ Tibrv Dispatcher ] [ kr.co.aim.nanotrans.communication.msb.tibrv.marker.EsListener.onMsg ] [ < MESSAGE > < HEADER > < MESSAGENAME > VM-TRANSPORTJOBCREATED < /MESSAGENAME > < TRANSACTIONID > MCS2025122917311022204-4wu4 < /TRANSACTIONID > < CONVERSATIONID > aef60527-fdf8-4f2f-9f3c-b3f00a5064b8 < /CONVERSATIONID > < TIME > 2025-12-29 17:31:10.219 < /TIME > < /HEADER > < ORIGINATED > < ORIGINATEDTYPE > M < /ORIGINATEDTYPE > < ORIGINATEDNAME / > < MACHINENAME > M14-M16 < /MACHINENAME > < CONNECTIONID > M14-M16 < /CONNECTIONID > < USERNAME / > < /ORIGINATED > < DATA > < LIST > < CEID > 2 < /CEID > < LIST > < CARRIERID > 4PDML395 < /CARRIERID > < STATE > CREATED < /STATE > < LOTID > TE25160 < /LOTID > < TYPE > FOUP < /TYPE > < PROCESSTYPE > FOUP < /PROCESSTYPE > < SOURCEFABNAME > M14 < /SOURCEFABNAME > < SOURCEFLOORNAME > 3F < /SOURCEFLOORNAME > < SOURCEMACHINENAME > 4ANZ53G1 < /SOURCEMACHINENAME > < SOURCEUNITNAME > 4ANZ53G1_Partition1 < /SOURCEUNITNAME > < DESTFABNAME > M16 < /DESTFABNAME > < DESTFLOORNAME > 6F < /DESTFLOORNAME > < DESTMACHINENAME > 4AFC_M16 < /DESTMACHINENAME > < DESTUNITNAME > 4AFC_M16_OUT < /DESTUNITNAME > < CURRENTFABNAME > M14 < /CURRENTFABNAME > < CURRENTFLOORNAME > 3F < /CURRENTFLOORNAME > < CURRENTMACHINENAME > 4ANZ53G1 < /CURRENTMACHINENAME > < CURRENTUNITNAME > 4ANZ53-411 < /CURRENTUNITNAME > < TRANSPORTJOBID > N4PDML39520251229173110 < /TRANSPORTJOBID > < PRIORITY > 50 < /PRIORITY > < USERNAME > SFAB < /USERNAME > < CMDTYPE / > < /LIST > < /LIST > < /DATA > < TAIL > < SECSII > < ![CDATA[RECV S11F69:FabTransportJobInfo [D=1] [len=199] [SB=50735691] < L.2 < U2.1 [CEID] '2' > < L.21 < A.8 [CARRIERID] '4PDML395' > < A.7 [STATE] 'CREATED' > < A.7 [LOTID] 'TE25160' > < A.4 [TYPE] 'FOUP' > < A.4 [PROCESSTYPE] 'FOUP' > < A.3 [SOURCEFABNAME] 'M14' > < A.2 [SOURCEFLOORNAME] '3F' > < A.8 [SOURCEMACHINENAME] '4ANZ53G1' > < A.19 [SOURCEUNITNAME] '4ANZ53G1_Partition1' > < A.3 [DESTFABNAME] 'M16' > < A.2 [DESTFLOORNAME] '6F' > < A.8 [DESTMACHINENAME] '4AFC_M16' > < A.12 [DESTUNITNAME] '4AFC_M16_OUT' > < A.3 [CURRENTFABNAME] 'M14' > < A.2 [CURRENTFLOORNAME] '3F' > < A.8 [CURRENTMACHINENAME] '4ANZ53G1' > < A.10 [CURRENTUNITNAME] '4ANZ53-411' > < A.23 [TRANSPORTJOBID] 'N4PDML39520251229173110' > < A.2 [PRIORITY] '50' > < A.4 [USERNAME] 'SFAB' > < A.0 [CMDTYPE] '' > > > .]] > < /SECSII > < /TAIL > < /MESSAGE > . transactionId=MCS2025122917311022204-4wu4. [GTXN:MCS2025122917311022204-4wu4] ],WELL,M14-M16,'MCS2025122917311022204-4wu4,4PDML395,,ts01_m16a,EsListener.onMsg,[2025-12-29 17:31:10.222],Tibrv Dispatcher,
,VM-TRANSPORTJOBCREATED,[2025-12-29 17:31:10.225] [ WELL] [ Tibrv Dispatcher] [kr.co.aim.nanotrans.communication.msb.tibrv.marker.EsListener.onMsg] - [ < MESSAGE > < HEADER > < MESSAGENAME > VM-TRANSPORTJOBCREATED < /MESSAGENAME > < TRANSACTIONID > MCS2025122917311022504-N8Qi < /TRANSACTIONID > < CONVERSATIONID > 2034778f-fb79-476e-8601-aeec746c427f < /CONVERSATIONID > < TIME > 2025-12-29 17:31:10.223 < /TIME > < /HEADER > < ORIGINATED > < ORIGINATEDTYPE > M < /ORIGINATEDTYPE > < ORIGINATEDNAME / > < MACHINENAME > M14-M14B < /MACHINENAME > < CONNECTIONID > M14-M14B < /CONNECTIONID > < USERNAME / > < /ORIGINATED > < DATA > < LIST > < CEID > 2 < /CEID > < LIST > < CARRIERID > 4PDML395 < /CARRIERID > < STATE > CREATED < /STATE > < LOTID > TE25160 < /LOTID > < TYPE > FOUP < /TYPE > < PROCESSTYPE > FOUP < /PROCESSTYPE > < SOURCEFABNAME > M14 < /SOURCEFABNAME > < SOURCEFLOORNAME > 3F < /SOURCEFLOORNAME > < SOURCEMACHINENAME > 4ANZ53G1 < /SOURCEMACHINENAME > < SOURCEUNITNAME > 4ANZ53G1_Partition1 < /SOURCEUNITNAME > < DESTFABNAME > M16 < /DESTFABNAME > < DESTFLOORNAME > 6F < /DESTFLOORNAME > < DESTMACHINENAME > 4AFC_M16 < /DESTMACHINENAME > < DESTUNITNAME > 4AFC_M16_OUT < /DESTUNITNAME > < CURRENTFABNAME > M14 < /CURRENTFABNAME > < CURRENTFLOORNAME > 3F < /CURRENTFLOORNAME > < CURRENTMACHINENAME > 4ANZ53G1 < /CURRENTMACHINENAME > < CURRENTUNITNAME > 4ANZ53-411 < /CURRENTUNITNAME > < TRANSPORTJOBID > N4PDML39520251229173110 < /TRANSPORTJOBID > < PRIORITY > 50 < /PRIORITY > < USERNAME > SFAB < /USERNAME > < CMDTYPE / > < /LIST > < /LIST > < /DATA > < TAIL > < SECSII > < ![CDATA[RECV S11F69:FabTransportJobInfo [D=1] [len=199] [SB=38286373] < L.2 < U2.1 [CEID] '2' > < L.21 < A.8 [CARRIERID] '4PDML395' > < A.7 [STATE] 'CREATED' > < A.7 [LOTID] 'TE25160' > < A.4 [TYPE] 'FOUP' > < A.4 [PROCESSTYPE] 'FOUP' > < A.3 [SOURCEFABNAME] 'M14' > < A.2 [SOURCEFLOORNAME] '3F' > < A.8 [SOURCEMACHINENAME] '4ANZ53G1' > < A.19 [SOURCEUNITNAME] '4ANZ53G1_Partition1' > < A.3 [DESTFABNAME] 'M16' > < A.2 [DESTFLOORNAME] '6F' > < A.8 [DESTMACHINENAME] '4AFC_M16' > < A.12 [DESTUNITNAME] '4AFC_M16_OUT' > < A.3 [CURRENTFABNAME] 'M14' > < A.2 [CURRENTFLOORNAME] '3F' > < A.8 [CURRENTMACHINENAME] '4ANZ53G1' > < A.10 [CURRENTUNITNAME] '4ANZ53-411' > < A.23 [TRANSPORTJOBID] 'N4PDML39520251229173110' > < A.2 [PRIORITY] '50' > < A.4 [USERNAME] 'SFAB' > < A.0 [CMDTYPE] '' > > > .]] > < /SECSII > < /TAIL > < /MESSAGE > . transactionId=MCS2025122917311022504-N8Qi. [GTXN:MCS2025122917311022504-N8Qi]. messageName=VM-TRANSPORTJOBCREATED. communicationMessageName=VM-TRANSPORTJOBCREATED. transportCommandId=. carrierName=4PDML395. machineName=M14-M14B. unitName=],WELL,M14-M14B,'MCS2025122917311022504-N8Qi,4PDML395,,ts05_m14b,EsListener.onMsg,[2025-12-29 17:31:10.225],Tibrv Dispatcher,
,,[ 2025-12-29 17:31:10.271 ] [ WELL ] [ THREAD-ID=459 ] [ kr.co.aim.nanotrans.extention.service.trans.MaterialServiceEx.updateCarrierLastCleanTime ] [ carrier{4PDML395} LastCleanTime updated currentTime . transactionId=MCS2025122917311009304-mnex. [GTXN:MCS2025122917311009304-mnex] ],WELL,,'MCS2025122917311009304-mnex,,,ts15_m14a,MaterialServiceEx.updateCarrierLastCleanTime,[2025-12-29 17:31:10.271],THREAD-ID=459,
,,[ 2025-12-29 17:31:10.302 ] [ WARN ] [ THREAD-ID=459 ] [ kr.co.aim.nanotrans.extention.service.trans.InterfaceServiceEx.checkTransportJob4DestChange ] [ transportJob related to carrier{4PDML395} does not exist. transactionId=MCS2025122917311009304-mnex. [GTXN:MCS2025122917311009304-mnex] ],WARN,,'MCS2025122917311009304-mnex,,,ts15_m14a,InterfaceServiceEx.checkTransportJob4DestChange,[2025-12-29 17:31:10.302],THREAD-ID=459,
,UI-CARRIER,[ 2025-12-29 17:31:10.308 ] [ WELL ] [ THREAD-ID=459 ] [ kr.co.aim.nanotrans.server.extension.framework.communication.msb.tibrv.marker.UiSenderEx.send ] [ < ?xml version="1.0" encoding="UTF-8"? > < MESSAGE > < HEADER > < MESSAGENAME > UI-CARRIER < /MESSAGENAME > < TRANSACTIONID / > < CONVERSATIONID / > < TIME / > < /HEADER > < ORIGINATED > < ORIGINATEDTYPE > N < /ORIGINATEDTYPE > < ORIGINATEDNAME / > < MACHINENAME > 4ANZ53G1 < /MACHINENAME > < CONNECTIONID / > < USERNAME / > < /ORIGINATED > < DATA > < CARRIERNAME > 4PDML395 < /CARRIERNAME > < MACHINENAME > 4ANZ53G1 < /MACHINENAME > < UNITNAME > 4ANZ53-411 < /UNITNAME > < CARRIERKIND > CARRIER < /CARRIERKIND > < STATE > COMPLETED < /STATE > < TYPE > FOUP < /TYPE > < RESERVED > T < /RESERVED > < HOLDED > F < /HOLDED > < PRODUCTEMPTY / > < LOTID / > < CONTAINERNAME / > < SLOTNUMBER / > < MAXCAPA > -1 < /MAXCAPA > < CARRIERSHOPNAME > M14 < /CARRIERSHOPNAME > < /DATA > < TAIL / > < /MESSAGE > was sent to DocumentM14.REAL.NANOTRANS.MCSUIF.SENDER.ALL. transactionId=MCS2025122917311009304-mnex. [GTXN:MCS2025122917311009304-mnex] ],WELL,4ANZ53G1,'MCS2025122917311009304-mnex,4PDML395,4ANZ53-411,ts15_m14a,UiSenderEx.send,[2025-12-29 17:31:10.308],THREAD-ID=459,
,,[ 2025-12-29 17:31:10.332 ] [ WELL ] [ THREAD-ID=459 ] [ kr.co.aim.nanotrans.server.extension.framework.communication.msb.cmessage.interfaceManager.HostInterface.send ] [ < ?xml version="1.0" encoding="UTF-8"? > < Envelop > < Header > < Factory > M14 < /Factory > < Environment > REAL < /Environment > < Sender_Node > MCS < /Sender_Node > < Send_Process > MCS < /Send_Process > < Listen_Process > MHS < /Listen_Process > < Command > MCSMHS_TRANSPORT_JOB_SCHEDULE_REP < /Command > < /Header > < Body > < DATA DESTINATION="MHS" ORIGINATION="MCS" TID="MCSMHS_TRANSPORT_JOB_SCHEDULE_REP" SEQUENCE_NAME="MCSMHS_TRANSPORT_JOB_SCHEDULE_REP" > < MCSMHS_TRANSPORT_JOB_SCHEDULE_REP > < SCHEDULE_INFO_LIST > < SCHEDULE_INFO CARRIER_ID="4PDML395" REPLY_STATE="SUCCESS" REPLY_STATE_DESC="" / > < /SCHEDULE_INFO_LIST > < /MCSMHS_TRANSPORT_JOB_SCHEDULE_REP > < /DATA > < /Body > < /Envelop > was sent to M14.REAL.NANOTRANS.MHS.MHS.*. transactionId=MCS2025122917311009304-mnex. [GTXN:MCS2025122917311009304-mnex] ],WELL,,'MCS2025122917311009304-mnex,4PDML395,,ts15_m14a,HostInterface.send,[2025-12-29 17:31:10.332],THREAD-ID=459,MCSMHS_TRANSPORT_JOB_SCHEDULE_REP
,,[ 2025-12-29 17:31:10.348 ] [ WELL ] [ THREAD-ID=459 ] [ kr.co.aim.nanotrans.server.extension.framework.communication.msb.cmessage.interfaceManager.HostInterface.send ] [ < ?xml version="1.0" encoding="UTF-8"? > < Envelop > < Header > < Factory > M14 < /Factory > < Environment > REAL < /Environment > < Sender_Node > MCS < /Sender_Node > < Send_Process > MCS < /Send_Process > < Listen_Process > MHS < /Listen_Process > < Command > MCSMHS_TRANSPORT_JOB_CREATED_EVENT < /Command > < /Header > < Body > < DATA DESTINATION="MHS" ORIGINATION="MCS" TID="MCSMHS_TRANSPORT_JOB_CREATED_EVENT" SEQUENCE_NAME="MCSMHS_TRANSPORT_JOB_CREATED_EVENT" > < MCSMHS_TRANSPORT_JOB_CREATED_EVENT > < JOB_CREATED_INFO REQUESTOR="SFAB" BATCH_ID="" CARRIER_ID="4PDML395" PRIORITY="50" EVENT_TIME="2025/12/29 17:31:10" DESTINATION_ID="4AFC_M16" DETAIL_DESTINATION_ID="OUT" MCS_JOB_ID="N4PDML39520251229173110" / > < /MCSMHS_TRANSPORT_JOB_CREATED_EVENT > < /DATA > < /Body > < /Envelop > was sent to M14.REAL.NANOTRANS.MHS.MHS.*. transactionId=MCS2025122917311009304-mnex. [GTXN:MCS2025122917311009304-mnex] ],WELL,,'MCS2025122917311009304-mnex,4PDML395,,ts15_m14a,HostInterface.send,[2025-12-29 17:31:10.348],THREAD-ID=459,MCSMHS_TRANSPORT_JOB_CREATED_EVENT
,,[ 2025-12-29 17:31:10.400 ] [ WELL ] [ THREAD-ID=459 ] [ kr.co.aim.nanotrans.server.extension.framework.route.impl.RouteManagerExImpl.selectableTransportableInterlayerLifters ] [ need to interlayer transport. - routesAvailable. carrierName{4PDML395}. selectedLifter{4AFC3301}. route{hopping=5. cost=30{singleNodeLoad(0).interNodeLength(30).interNodeLoad(0).tripleNodeDelay(0)}. nodeNames=[4ANZ53G1. 4ACM4701. 4AFC3301. 4AFC_CNV. 4AFC_M16]. available=true. banned=false. fixed=false. weight=0}. transactionId=MCS2025122917311009304-mnex. [GTXN:MCS2025122917311009304-mnex] ],WELL,,'MCS2025122917311009304-mnex,,,ts15_m14a,RouteManagerExImpl.selectableTransportableInterlayerLifters,[2025-12-29 17:31:10.400],THREAD-ID=459,
,,[ 2025-12-29 17:31:10.406 ] [ WELL ] [ THREAD-ID=459 ] [ kr.co.aim.nanotrans.server.extension.framework.route.impl.RouteManagerExImpl.getInterlayerMachineNamesByDefineOrder ] [ - search result. carrierName{4PDML395}. interlayerGroupName{INTERLAYERGROUP}. optionValue{DEFINEORDER}. queryCount(2). {MACHINENAME=4AFC3301. PRIORITY=1}{MACHINENAME=4AFC3201. PRIORITY=7}. transactionId=MCS2025122917311009304-mnex. [GTXN:MCS2025122917311009304-mnex] ],WELL,,'MCS2025122917311009304-mnex,,,ts15_m14a,RouteManagerExImpl.getInterlayerMachineNamesByDefineOrder,[2025-12-29 17:31:10.406],THREAD-ID=459,
,,[ 2025-12-29 17:31:10.444 ] [ WELL ] [ THREAD-ID=459 ] [ kr.co.aim.nanotrans.server.extension.framework.route.impl.RouteManagerExImpl.searchInterlayerMachineName ] [ - available to interlayerMachine. carrierName{4PDML395}. interlayerGroupName{INTERLAYERGROUP}. optionValue{DEFINEORDER}. bayName{N53}. interlayerMachineCount(2). 4AFC33014AFC3201. transactionId=MCS2025122917311009304-mnex. [GTXN:MCS2025122917311009304-mnex] ],WELL,,'MCS2025122917311009304-mnex,,,ts15_m14a,RouteManagerExImpl.searchInterlayerMachineName,[2025-12-29 17:31:10.444],THREAD-ID=459,
,,[ 2025-12-29 17:31:10.446 ] [ WELL ] [ THREAD-ID=459 ] [ kr.co.aim.nanotrans.server.extension.framework.route.impl.RouteManagerExImpl.selectableTransportableInterlayerLifters ] [ Selected interlayer machine. - routesAvailable. carrierName{4PDML395}. selectedLifter{4AFC3301}. route{hopping=5. cost=30{singleNodeLoad(0).interNodeLength(30).interNodeLoad(0).tripleNodeDelay(0)}. nodeNames=[4ANZ53G1. 4ACM4701. 4AFC3301. 4AFC_CNV. 4AFC_M16]. available=true. banned=false. fixed=false. weight=0}. transactionId=MCS2025122917311009304-mnex. [GTXN:MCS2025122917311009304-mnex] ],WELL,,'MCS2025122917311009304-mnex,,,ts15_m14a,RouteManagerExImpl.selectableTransportableInterlayerLifters,[2025-12-29 17:31:10.446],THREAD-ID=459,
,,[ 2025-12-29 17:31:10.584 ] [ WELL ] [ THREAD-ID=459 ] [ kr.co.aim.nanotrans.server.extension.framework.resource.impl.ResourceManagerExImpl.getSuitableInterBridgePort ] [ - suitable interBridge Groups. carrierName{4PDML395}. bayName{N53}. interBridgeMachineName{4AFC3301}. inOutType{IN}. queryCount(6)groupPortName[4AFC3301A_ING6]. priority(1). weight(1.0)groupPortName[4AFC3301A_ING7]. priority(2). weight(1.0)groupPortName[4AFC3301A_ING5]. priority(3). weight(1.0)groupPortName[4AFC3301A_ING4]. priority(4). weight(1.0)groupPortName[4AFC3301A_ING3]. priority(5). weight(1.0)groupPortName[4AFC3301A_ING2]. priority(6). weight(1.0). transactionId=MCS2025122917311009304-mnex. [GTXN:MCS2025122917311009304-mnex] ],WELL,,'MCS2025122917311009304-mnex,,,ts15_m14a,ResourceManagerExImpl.getSuitableInterBridgePort,[2025-12-29 17:31:10.584],THREAD-ID=459,
,,[ 2025-12-29 17:31:10.618 ] [ WELL ] [ THREAD-ID=459 ] [ kr.co.aim.nanotrans.server.extension.framework.resource.impl.ResourceManagerExImpl.getSuitableInterBridgePort ] [ - suitable interBridge ports. carrierName{4PDML395}. interBridgeMachineName{4AFC3301}. interBridgeGroupName{4AFC3301A_ING6}. queryCount(4)portName[4AFC3301A_IN58]. priority(1). reservedCommandCount(1). maxCapacity(5). distance(10000). lastTransferTime[2025-12-29 17:24:25.439]portName[4AFC3301A_IN57]. priority(1). reservedCommandCount(1). maxCapacity(5). distance(10000). lastTransferTime[2025-12-29 17:24:48.767]portName[4AFC3301A_IN55]. priority(1). reservedCommandCount(2). maxCapacity(5). distance(10000). lastTransferTime[2025-12-29 17:23:23.433]portName[4AFC3301A_IN56]. priority(1). reservedCommandCount(2). maxCapacity(5). distance(10000). lastTransferTime[2025-12-29 17:24:03.736]. transactionId=MCS2025122917311009304-mnex. [GTXN:MCS2025122917311009304-mnex] ],WELL,,'MCS2025122917311009304-mnex,,,ts15_m14a,ResourceManagerExImpl.getSuitableInterBridgePort,[2025-12-29 17:31:10.618],THREAD-ID=459,
,,[ 2025-12-29 17:31:10.620 ] [ WELL ] [ THREAD-ID=459 ] [ kr.co.aim.nanotrans.server.extension.framework.transfer.impl.TransferManagerExImpl.setToWhenNotSameTransportMachine ] [ selection completed to suitable interBridgePort[4AFC3301A_IN58]. interBridgeMachine[4AFC3301] | carrierName[4PDML395]. . transactionId=MCS2025122917311009304-mnex. [GTXN:MCS2025122917311009304-mnex] ],WELL,,'MCS2025122917311009304-mnex,,,ts15_m14a,TransferManagerExImpl.setToWhenNotSameTransportMachine,[2025-12-29 17:31:10.620],THREAD-ID=459,
N4PDML39520251229173110,RAIL-CARRIERTRANSFER,[ 2025-12-29 17:31:10.643 ] [ WELL ] [ THREAD-ID=459 ] [ kr.co.aim.nanotrans.communication.msb.tibrv.marker.EsSender.send ] [ < ?xml version="1.0" encoding="UTF-8"? > < MESSAGE > < HEADER > < MESSAGENAME > RAIL-CARRIERTRANSFER < /MESSAGENAME > < TRANSACTIONID / > < CONVERSATIONID / > < TIME > 2025-12-29 17:31:10.641 < /TIME > < /HEADER > < ORIGINATED > < ORIGINATEDTYPE > N < /ORIGINATEDTYPE > < ORIGINATEDNAME / > < MACHINENAME > 4ACM4701 < /MACHINENAME > < CONNECTIONID / > < USERNAME > NANOTRANS < /USERNAME > < /ORIGINATED > < DATA > < COMMANDID > N4PDML39520251229173110 < /COMMANDID > < CARRIERID > 4PDML395 < /CARRIERID > < CARRIERLOC / > < CARRIERZONENAME / > < SOURCEUNIT > 4ANZ53-411 < /SOURCEUNIT > < SOURCECONTAINER / > < SOURCESLOT / > < DESTUNIT > 4AFC3301A_IN58 < /DESTUNIT > < DESTCONTAINER / > < DESTSLOT / > < RESULTCODE / > < PRIORITY > 50 < /PRIORITY > < LOTID > TE25160 < /LOTID > < CARRIERTYPE > FOUP < /CARRIERTYPE > < STEPID > J3050000C < /STEPID > < OPER_DESC / > < WF_QTY / > < NEXTTOUNIT / > < /DATA > < TAIL / > < /MESSAGE > was sent to M14.REAL.NANOTRANS.MCSEIF.EI01_OHT_P. transactionId=MCS2025122917311009304-mnex. [GTXN:MCS2025122917311009304-mnex] ],WELL,4ACM4701,'MCS2025122917311009304-mnex,4PDML395,,ts15_m14a,EsSender.send,[2025-12-29 17:31:10.643],THREAD-ID=459,
N4PDML39520251229173110,RAIL-CARRIERTRANSFER,[ 2025-12-29 17:31:10.645 ] [ WELL ] [ THREAD-ID=459 ] [ kr.co.aim.nanotrans.communication.msb.tibrv.marker.EsSender.send ] [ < ?xml version="1.0" encoding="UTF-8"? > < MESSAGE > < HEADER > < MESSAGENAME > RAIL-CARRIERTRANSFER < /MESSAGENAME > < TRANSACTIONID / > < CONVERSATIONID / > < TIME > 2025-12-29 17:31:10.641 < /TIME > < /HEADER > < ORIGINATED > < ORIGINATEDTYPE > N < /ORIGINATEDTYPE > < ORIGINATEDNAME / > < MACHINENAME > 4ACM4701 < /MACHINENAME > < CONNECTIONID / > < USERNAME > NANOTRANS < /USERNAME > < /ORIGINATED > < DATA > < COMMANDID > N4PDML39520251229173110 < /COMMANDID > < CARRIERID > 4PDML395 < /CARRIERID > < CARRIERLOC / > < CARRIERZONENAME / > < SOURCEUNIT > 4ANZ53-411 < /SOURCEUNIT > < SOURCECONTAINER / > < SOURCESLOT / > < DESTUNIT > 4AFC3301A_IN58 < /DESTUNIT > < DESTCONTAINER / > < DESTSLOT / > < RESULTCODE / > < PRIORITY > 50 < /PRIORITY > < LOTID > TE25160 < /LOTID > < CARRIERTYPE > FOUP < /CARRIERTYPE > < STEPID > J3050000C < /STEPID > < OPER_DESC / > < WF_QTY / > < NEXTTOUNIT / > < /DATA > < TAIL / > < /MESSAGE > was sent to M14.REAL.NANOTRANS.MCSEIF.EI01_OHT_S. transactionId=MCS2025122917311009304-mnex. [GTXN:MCS2025122917311009304-mnex] ],WELL,4ACM4701,'MCS2025122917311009304-mnex,4PDML395,,ts15_m14a,EsSender.send,[2025-12-29 17:31:10.645],THREAD-ID=459,
N4PDML39520251229173110,RAIL-CARRIERTRANSFERREPLY,[ 2025-12-29 17:31:10.674 ] [ WELL ] [ Tibrv Dispatcher ] [ kr.co.aim.nanotrans.communication.msb.tibrv.marker.EsListener.onMsg ] [ < MESSAGE > < HEADER > < MESSAGENAME > RAIL-CARRIERTRANSFERREPLY < /MESSAGENAME > < TRANSACTIONID > MCS2025122917311067404-Nl6t < /TRANSACTIONID > < CONVERSATIONID > bf0b4e13-a9bd-4da9-a190-8b5eead04316 < /CONVERSATIONID > < TIME > 2025-12-29 17:31:10.673 < /TIME > < /HEADER > < ORIGINATED > < ORIGINATEDTYPE > M < /ORIGINATEDTYPE > < ORIGINATEDNAME / > < MACHINENAME > 4ACM4701 < /MACHINENAME > < CONNECTIONID > 4ACM4701 < /CONNECTIONID > < USERNAME / > < /ORIGINATED > < DATA > < DESTUNIT > 4AFC3301A_IN58 < /DESTUNIT > < CARRIERID > 4PDML395 < /CARRIERID > < COMMANDID > N4PDML39520251229173110 < /COMMANDID > < STEPID > J3050000C < /STEPID > < SOURCEUNIT > 4ANZ53-411 < /SOURCEUNIT > < LOTID > TE25160 < /LOTID > < CARRIERTYPE > FOUP < /CARRIERTYPE > < LIST > < HCACK > 4 < /HCACK > < CPCOUNT / > < /LIST > < RESULTCODE > 4 < /RESULTCODE > < /DATA > < TAIL > < SECSII > < ![CDATA[RECV S2F50:EnhancedHostCommandAcknowledgeNew1 [D=6] [len=17] [SB=232404953] < L.2 < B.1 [HCACK] '4' > < L.0 [CPCOUNT] > > .]] > < /SECSII > < /TAIL > < /MESSAGE > . transactionId=MCS2025122917311067404-Nl6t. [GTXN:MCS2025122917311067404-Nl6t] ],WELL,4ACM4701,'MCS2025122917311067404-Nl6t,4PDML395,,ts04_m14a,EsListener.onMsg,[2025-12-29 17:31:10.674],Tibrv Dispatcher,
N4PDML39520251229173110,RAIL-VEHICLEASSIGNED,[ 2025-12-29 17:31:13.487 ] [ WELL ] [ Tibrv Dispatcher ] [ kr.co.aim.nanotrans.communication.msb.tibrv.marker.EsListener.onMsg ] [ < MESSAGE > < HEADER > < MESSAGENAME > RAIL-VEHICLEASSIGNED < /MESSAGENAME > < TRANSACTIONID > MCS2025122917311348704-R3QC < /TRANSACTIONID > < CONVERSATIONID > 50c5b049-a8f8-4312-b999-ab5ff2283b54 < /CONVERSATIONID > < TIME > 2025-12-29 17:31:13.485 < /TIME > < /HEADER > < ORIGINATED > < ORIGINATEDTYPE > M < /ORIGINATEDTYPE > < ORIGINATEDNAME / > < MACHINENAME > 4ACM4701 < /MACHINENAME > < CONNECTIONID > 4ACM4701 < /CONNECTIONID > < USERNAME / > < /ORIGINATED > < DATA > < LIST > < DATAID > 0 < /DATAID > < CEID > 204 < /CEID > < RPTIDCOUNT > < LIST > < RPTID > 6 < /RPTID > < VCOUNT > < VEHICLEID > V00922 < /VEHICLEID > < COMMANDID > N4PDML39520251229173110 < /COMMANDID > < /VCOUNT > < /LIST > < /RPTIDCOUNT > < /LIST > < /DATA > < TAIL > < SECSII > < ![CDATA[RECV S6F11:VehicleAssignedEventReportSend W [D=6] [len=65] [SB=505246166] < L.3 < U4.1 [DATAID] '0' > < U2.1 [CEID] '204' > < L.1 [RPTIDCOUNT] < L.2 < U2.1 [RPTID] '6' > < L.2 [VCOUNT] < A.6 [VEHICLEID] 'V00922' > < A.23 [COMMANDID] 'N4PDML39520251229173110' > > > > > .]] > < /SECSII > < /TAIL > < /MESSAGE > . transactionId=MCS2025122917311348704-R3QC. [GTXN:MCS2025122917311348704-R3QC] ],WELL,4ACM4701,'MCS2025122917311348704-R3QC,,,ts11_m14a,EsListener.onMsg,[2025-12-29 17:31:13.487],Tibrv Dispatcher,
N4PDML39520251229173110,RAIL-TRANSFERINITIATED,[ 2025-12-29 17:31:13.487 ] [ WELL ] [ Tibrv Dispatcher ] [ kr.co.aim.nanotrans.communication.msb.tibrv.marker.EsListener.onMsg ] [ < MESSAGE > < HEADER > < MESSAGENAME > RAIL-TRANSFERINITIATED < /MESSAGENAME > < TRANSACTIONID > MCS2025122917311348704-IEZp < /TRANSACTIONID > < CONVERSATIONID > c03fce5f-a69e-405f-b923-5b6b2ca22e5f < /CONVERSATIONID > < TIME > 2025-12-29 17:31:13.485 < /TIME > < /HEADER > < ORIGINATED > < ORIGINATEDTYPE > M < /ORIGINATEDTYPE > < ORIGINATEDNAME / > < MACHINENAME > 4ACM4701 < /MACHINENAME > < CONNECTIONID > 4ACM4701 < /CONNECTIONID > < USERNAME / > < /ORIGINATED > < DATA > < LIST > < DATAID > 0 < /DATAID > < CEID > 108 < /CEID > < RPTIDCOUNT > < LIST > < RPTID > 3 < /RPTID > < VCOUNT > < COMMANDID > N4PDML39520251229173110 < /COMMANDID > < /VCOUNT > < /LIST > < /RPTIDCOUNT > < /LIST > < /DATA > < TAIL > < SECSII > < ![CDATA[RECV S6F11:TransferCommandStateEventReportSend W [D=6] [len=57] [SB=505246165] < L.3 < U4.1 [DATAID] '0' > < U2.1 [CEID] '108' > < L.1 [RPTIDCOUNT] < L.2 < U2.1 [RPTID] '3' > < L.1 [VCOUNT] < A.23 [COMMANDID] 'N4PDML39520251229173110' > > > > > .]] > < /SECSII > < /TAIL > < /MESSAGE > . transactionId=MCS2025122917311348704-IEZp. [GTXN:MCS2025122917311348704-IEZp] ],WELL,4ACM4701,'MCS2025122917311348704-IEZp,,,ts13_m14a,EsListener.onMsg,[2025-12-29 17:31:13.487],Tibrv Dispatcher,
,,[ 2025-12-29 17:31:13.522 ] [ WELL ] [ THREAD-ID=379 ] [ kr.co.aim.nanotrans.server.extension.framework.communication.msb.cmessage.interfaceManager.HostInterface.send ] [ < ?xml version="1.0" encoding="UTF-8"? > < Envelop > < Header > < Factory > M14 < /Factory > < Environment > REAL < /Environment > < Sender_Node > MCS < /Sender_Node > < Send_Process > MCS < /Send_Process > < Listen_Process > MHS < /Listen_Process > < Command > MCSMHS_TRANSPORT_JOB_STARTED_EVENT < /Command > < /Header > < Body > < DATA DESTINATION="MHS" ORIGINATION="MCS" TID="MCSMHS_TRANSPORT_JOB_STARTED_EVENT" SEQUENCE_NAME="MCSMHS_TRANSPORT_JOB_STARTED_EVENT" > < MCSMHS_TRANSPORT_JOB_STARTED_EVENT > < JOB_STARTED_INFO REQUESTOR="SFAB" BATCH_ID="" CARRIER_ID="4PDML395" PRIORITY="50" EVENT_TIME="2025/12/29 17:31:13" DESTINATION_ID="4AFC_M16" DETAIL_DESTINATION_ID="OUT" / > < /MCSMHS_TRANSPORT_JOB_STARTED_EVENT > < /DATA > < /Body > < /Envelop > was sent to M14.REAL.NANOTRANS.MHS.MHS.*. transactionId=MCS2025122917311348704-IEZp. [GTXN:MCS2025122917311348704-IEZp] ],WELL,,'MCS2025122917311348704-IEZp,4PDML395,,ts13_m14a,HostInterface.send,[2025-12-29 17:31:13.522],THREAD-ID=379,MCSMHS_TRANSPORT_JOB_STARTED_EVENT
,UI-CARRIER,[ 2025-12-29 17:31:13.531 ] [ WELL ] [ THREAD-ID=379 ] [ kr.co.aim.nanotrans.server.extension.framework.communication.msb.tibrv.marker.UiSenderEx.send ] [ < ?xml version="1.0" encoding="UTF-8"? > < MESSAGE > < HEADER > < MESSAGENAME > UI-CARRIER < /MESSAGENAME > < TRANSACTIONID / > < CONVERSATIONID / > < TIME / > < /HEADER > < ORIGINATED > < ORIGINATEDTYPE > N < /ORIGINATEDTYPE > < ORIGINATEDNAME / > < MACHINENAME > 4ANZ53G1 < /MACHINENAME > < CONNECTIONID / > < USERNAME / > < /ORIGINATED > < DATA > < CARRIERNAME > 4PDML395 < /CARRIERNAME > < MACHINENAME > 4ANZ53G1 < /MACHINENAME > < UNITNAME > 4ANZ53-411 < /UNITNAME > < CARRIERKIND > CARRIER < /CARRIERKIND > < STATE > MOVING < /STATE > < TYPE > FOUP < /TYPE > < RESERVED > T < /RESERVED > < HOLDED > F < /HOLDED > < PRODUCTEMPTY / > < LOTID / > < CONTAINERNAME / > < SLOTNUMBER / > < MAXCAPA > -1 < /MAXCAPA > < CARRIERSHOPNAME > M14 < /CARRIERSHOPNAME > < /DATA > < TAIL / > < /MESSAGE > was sent to DocumentM14.REAL.NANOTRANS.MCSUIF.SENDER.ALL. transactionId=MCS2025122917311348704-IEZp. [GTXN:MCS2025122917311348704-IEZp] ],WELL,4ANZ53G1,'MCS2025122917311348704-IEZp,4PDML395,4ANZ53-411,ts13_m14a,UiSenderEx.send,[2025-12-29 17:31:13.531],THREAD-ID=379,
,,[ 2025-12-29 17:31:13.548 ] [ WELL ] [ THREAD-ID=379 ] [ kr.co.aim.nanotrans.server.extension.framework.communication.msb.cmessage.interfaceManager.HostInterface.send ] [ < ?xml version="1.0" encoding="UTF-8"? > < Envelop > < Header > < Factory > M14 < /Factory > < Environment > REAL < /Environment > < Sender_Node > MCS < /Sender_Node > < Send_Process > MCS < /Send_Process > < Listen_Process > MHS < /Listen_Process > < Command > MCSMHS_TRANSFER_INITIATED_EVENT < /Command > < /Header > < Body > < DATA DESTINATION="MHS" ORIGINATION="MCS" TID="MCSMHS_TRANSFER_INITIATED_EVENT" SEQUENCE_NAME="MCSMHS_TRANSFER_INITIATED_EVENT" > < MCSMHS_TRANSFER_INITIATED_EVENT > < TRANSFER_INITIATED_INFO CARRIER_ID="4PDML395" DEVICE_ID="4ACM4701" SUB_DEVICE_ID="" SOURCE_ID="4ANZ53G1" DETAIL_SOURCE_ID="Partition1" DESTINATION_ID="4AFC3301" DETAIL_DESTINATION_ID="IN58" EVENT_TIME="2025/12/29 17:31:13" / > < /MCSMHS_TRANSFER_INITIATED_EVENT > < /DATA > < /Body > < /Envelop > was sent to M14.REAL.NANOTRANS.MHS.MHS.*. transactionId=MCS2025122917311348704-IEZp. [GTXN:MCS2025122917311348704-IEZp] ],WELL,,'MCS2025122917311348704-IEZp,4PDML395,,ts13_m14a,HostInterface.send,[2025-12-29 17:31:13.548],THREAD-ID=379,MCSMHS_TRANSFER_INITIATED_EVENT
N4PDML39520251229173110,RAIL-TRANSFERRING,[ 2025-12-29 17:31:48.709 ] [ WELL ] [ Tibrv Dispatcher ] [ kr.co.aim.nanotrans.communication.msb.tibrv.marker.EsListener.onMsg ] [ < MESSAGE > < HEADER > < MESSAGENAME > RAIL-TRANSFERRING < /MESSAGENAME > < TRANSACTIONID > MCS2025122917314870904-jqn8 < /TRANSACTIONID > < CONVERSATIONID > af91eca4-7f2e-4d92-9484-72e8d0b328b3 < /CONVERSATIONID > < TIME > 2025-12-29 17:31:48.706 < /TIME > < /HEADER > < ORIGINATED > < ORIGINATEDTYPE > M < /ORIGINATEDTYPE > < ORIGINATEDNAME / > < MACHINENAME > 4ACM4701 < /MACHINENAME > < CONNECTIONID > 4ACM4701 < /CONNECTIONID > < USERNAME / > < /ORIGINATED > < DATA > < LIST > < DATAID > 0 < /DATAID > < CEID > 111 < /CEID > < RPTIDCOUNT > < LIST > < RPTID > 3 < /RPTID > < VCOUNT > < COMMANDID > N4PDML39520251229173110 < /COMMANDID > < /VCOUNT > < /LIST > < /RPTIDCOUNT > < /LIST > < /DATA > < TAIL > < SECSII > < ![CDATA[RECV S6F11:TransferCommandStateEventReportSend W [D=6] [len=57] [SB=505248659] < L.3 < U4.1 [DATAID] '0' > < U2.1 [CEID] '111' > < L.1 [RPTIDCOUNT] < L.2 < U2.1 [RPTID] '3' > < L.1 [VCOUNT] < A.23 [COMMANDID] 'N4PDML39520251229173110' > > > > > .]] > < /SECSII > < /TAIL > < /MESSAGE > . transactionId=MCS2025122917314870904-jqn8. [GTXN:MCS2025122917314870904-jqn8] ],WELL,4ACM4701,'MCS2025122917314870904-jqn8,,,ts02_m14a,EsListener.onMsg,[2025-12-29 17:31:48.709],Tibrv Dispatcher,
,RAIL-VEHICLEACQUIRESTARTED,[ 2025-12-29 17:31:48.894 ] [ WELL ] [ Tibrv Dispatcher ] [ kr.co.aim.nanotrans.communication.msb.tibrv.marker.EsListener.onMsg ] [ < MESSAGE > < HEADER > < MESSAGENAME > RAIL-VEHICLEACQUIRESTARTED < /MESSAGENAME > < TRANSACTIONID > MCS2025122917314889404-YLAO < /TRANSACTIONID > < CONVERSATIONID > 6586bc33-bb40-45b8-a342-14ec3e0df7ed < /CONVERSATIONID > < TIME > 2025-12-29 17:31:48.893 < /TIME > < /HEADER > < ORIGINATED > < ORIGINATEDTYPE > M < /ORIGINATEDTYPE > < ORIGINATEDNAME / > < MACHINENAME > 4ACM4701 < /MACHINENAME > < CONNECTIONID > 4ACM4701 < /CONNECTIONID > < USERNAME / > < /ORIGINATED > < DATA > < LIST > < DATAID > 0 < /DATAID > < CEID > 202 < /CEID > < RPTIDCOUNT > < LIST > < RPTID > 7 < /RPTID > < VCOUNT > < VEHICLEID > V00922 < /VEHICLEID > < CARRIERID > 4PDML395 < /CARRIERID > < TRANSFERPORT > 4ANZ53-411 < /TRANSFERPORT > < /VCOUNT > < /LIST > < /RPTIDCOUNT > < /LIST > < /DATA > < TAIL > < SECSII > < ![CDATA[RECV S6F11:VehicleAquireDepositEventReportSend W [D=6] [len=62] [SB=505248679] < L.3 < U4.1 [DATAID] '0' > < U2.1 [CEID] '202' > < L.1 [RPTIDCOUNT] < L.2 < U2.1 [RPTID] '7' > < L.3 [VCOUNT] < A.6 [VEHICLEID] 'V00922' > < A.8 [CARRIERID] '4PDML395' > < A.10 [TRANSFERPORT] '4ANZ53-411' > > > > > .]] > < /SECSII > < /TAIL > < /MESSAGE > . transactionId=MCS2025122917314889404-YLAO. [GTXN:MCS2025122917314889404-YLAO] ],WELL,4ACM4701,'MCS2025122917314889404-YLAO,4PDML395,,ts02_m14a,EsListener.onMsg,[2025-12-29 17:31:48.894],Tibrv Dispatcher,
,INV-CARRIERREMOVED,[ 2025-12-29 17:31:57.441 ] [ WELL ] [ Tibrv Dispatcher ] [ kr.co.aim.nanotrans.communication.msb.tibrv.marker.EsListener.onMsg ] [ < MESSAGE > < HEADER > < MESSAGENAME > INV-CARRIERREMOVED < /MESSAGENAME > < TRANSACTIONID > MCS2025122917315744104-V2Ue < /TRANSACTIONID > < CONVERSATIONID > d2e7aabb-6116-4e54-821d-2599fe4aa2ea < /CONVERSATIONID > < TIME > 2025-12-29 17:31:57.439 < /TIME > < /HEADER > < ORIGINATED > < ORIGINATEDTYPE > M < /ORIGINATEDTYPE > < ORIGINATEDNAME / > < MACHINENAME > INV001 < /MACHINENAME > < CONNECTIONID > INV001 < /CONNECTIONID > < USERNAME / > < /ORIGINATED > < DATA > < LIST > < DATAID > 0 < /DATAID > < CEID > 152 < /CEID > < RPTIDCOUNT > < LIST > < RPTID > 4 < /RPTID > < VCOUNT > < CARRIERID > 4PDML395 < /CARRIERID > < CARRIERLOC > 4ANZ53-411 < /CARRIERLOC > < /VCOUNT > < /LIST > < /RPTIDCOUNT > < /LIST > < /DATA > < TAIL > < SECSII > < ![CDATA[RECV S6F11:EventReport_RPTID4 W [D=6] [len=54] [SB=152226500] < L.3 < U4.1 [DATAID] '0' > < U2.1 [CEID] '152' > < L.1 [RPTIDCOUNT] < L.2 < U2.1 [RPTID] '4' > < L.2 [VCOUNT] < A.8 [CARRIERID] '4PDML395' > < A.10 [CARRIERLOC] '4ANZ53-411' > > > > > .]] > < /SECSII > < /TAIL > < /MESSAGE > . transactionId=MCS2025122917315744104-V2Ue. [GTXN:MCS2025122917315744104-V2Ue] ],WELL,INV001,'MCS2025122917315744104-V2Ue,4PDML395,,ts11_m14a,EsListener.onMsg,[2025-12-29 17:31:57.441],Tibrv Dispatcher,
,RAIL-VEHICLEACQUIRECOMPLETED,[ 2025-12-29 17:31:57.477 ] [ WELL ] [ Tibrv Dispatcher ] [ kr.co.aim.nanotrans.communication.msb.tibrv.marker.EsListener.onMsg ] [ < MESSAGE > < HEADER > < MESSAGENAME > RAIL-VEHICLEACQUIRECOMPLETED < /MESSAGENAME > < TRANSACTIONID > MCS2025122917315747704-OgIR < /TRANSACTIONID > < CONVERSATIONID > a0a95100-d14a-4904-9d4e-7244df3c9e94 < /CONVERSATIONID > < TIME > 2025-12-29 17:31:57.475 < /TIME > < /HEADER > < ORIGINATED > < ORIGINATEDTYPE > M < /ORIGINATEDTYPE > < ORIGINATEDNAME / > < MACHINENAME > 4ACM4701 < /MACHINENAME > < CONNECTIONID > 4ACM4701 < /CONNECTIONID > < USERNAME / > < /ORIGINATED > < DATA > < LIST > < DATAID > 0 < /DATAID > < CEID > 203 < /CEID > < RPTIDCOUNT > < LIST > < RPTID > 7 < /RPTID > < VCOUNT > < VEHICLEID > V00922 < /VEHICLEID > < CARRIERID > 4PDML395 < /CARRIERID > < TRANSFERPORT > 4ANZ53-411 < /TRANSFERPORT > < /VCOUNT > < /LIST > < /RPTIDCOUNT > < /LIST > < /DATA > < TAIL > < SECSII > < ![CDATA[RECV S6F11:VehicleAquireDepositEventReportSend W [D=6] [len=62] [SB=505249266] < L.3 < U4.1 [DATAID] '0' > < U2.1 [CEID] '203' > < L.1 [RPTIDCOUNT] < L.2 < U2.1 [RPTID] '7' > < L.3 [VCOUNT] < A.6 [VEHICLEID] 'V00922' > < A.8 [CARRIERID] '4PDML395' > < A.10 [TRANSFERPORT] '4ANZ53-411' > > > > > .]] > < /SECSII > < /TAIL > < /MESSAGE > . transactionId=MCS2025122917315747704-OgIR. [GTXN:MCS2025122917315747704-OgIR] ],WELL,4ACM4701,'MCS2025122917315747704-OgIR,4PDML395,,ts05_m14a,EsListener.onMsg,[2025-12-29 17:31:57.477],Tibrv Dispatcher,
N4PDML39520251229173110,RAIL-CARRIERINSTALLED,[ 2025-12-29 17:31:57.477 ] [ WELL ] [ Tibrv Dispatcher ] [ kr.co.aim.nanotrans.communication.msb.tibrv.marker.EsListener.onMsg ] [ < MESSAGE > < HEADER > < MESSAGENAME > RAIL-CARRIERINSTALLED < /MESSAGENAME > < TRANSACTIONID > MCS2025122917315747604-h4Jb < /TRANSACTIONID > < CONVERSATIONID > 5a89e517-8a28-4270-860b-0b002b668db4 < /CONVERSATIONID > < TIME > 2025-12-29 17:31:57.475 < /TIME > < /HEADER > < ORIGINATED > < ORIGINATEDTYPE > M < /ORIGINATEDTYPE > < ORIGINATEDNAME / > < MACHINENAME > 4ACM4701 < /MACHINENAME > < CONNECTIONID > 4ACM4701 < /CONNECTIONID > < USERNAME / > < /ORIGINATED > < DATA > < LIST > < DATAID > 0 < /DATAID > < CEID > 151 < /CEID > < RPTIDCOUNT > < LIST > < RPTID > 8 < /RPTID > < VCOUNT > < VEHICLEID > V00922 < /VEHICLEID > < CARRIERID > 4PDML395 < /CARRIERID > < CARRIERLOC > V00922 < /CARRIERLOC > < COMMANDID > N4PDML39520251229173110 < /COMMANDID > < /VCOUNT > < /LIST > < /RPTIDCOUNT > < /LIST > < /DATA > < TAIL > < SECSII > < ![CDATA[RECV S6F11:CarrierInstallRemoveEventReportSend W [D=6] [len=83] [SB=505249265] < L.3 < U4.1 [DATAID] '0' > < U2.1 [CEID] '151' > < L.1 [RPTIDCOUNT] < L.2 < U2.1 [RPTID] '8' > < L.4 [VCOUNT] < A.6 [VEHICLEID] 'V00922' > < A.8 [CARRIERID] '4PDML395' > < A.6 [CARRIERLOC] 'V00922' > < A.23 [COMMANDID] 'N4PDML39520251229173110' > > > > > .]] > < /SECSII > < /TAIL > < /MESSAGE > . transactionId=MCS2025122917315747604-h4Jb. [GTXN:MCS2025122917315747604-h4Jb] ],WELL,4ACM4701,'MCS2025122917315747604-h4Jb,4PDML395,,ts12_m14a,EsListener.onMsg,[2025-12-29 17:31:57.477],Tibrv Dispatcher,
,UI-CARRIER,[ 2025-12-29 17:31:57.488 ] [ WELL ] [ THREAD-ID=572 ] [ kr.co.aim.nanotrans.server.extension.framework.communication.msb.tibrv.marker.UiSenderEx.send ] [ < ?xml version="1.0" encoding="UTF-8"? > < MESSAGE > < HEADER > < MESSAGENAME > UI-CARRIER < /MESSAGENAME > < TRANSACTIONID / > < CONVERSATIONID / > < TIME / > < /HEADER > < ORIGINATED > < ORIGINATEDTYPE > N < /ORIGINATEDTYPE > < ORIGINATEDNAME / > < MACHINENAME > NA < /MACHINENAME > < CONNECTIONID / > < USERNAME / > < /ORIGINATED > < DATA > < CARRIERNAME > 4PDML395 < /CARRIERNAME > < MACHINENAME > NA < /MACHINENAME > < UNITNAME > NA < /UNITNAME > < CARRIERKIND > CARRIER < /CARRIERKIND > < STATE > NA < /STATE > < TYPE > FOUP < /TYPE > < RESERVED > T < /RESERVED > < HOLDED > F < /HOLDED > < PRODUCTEMPTY / > < LOTID / > < CONTAINERNAME / > < SLOTNUMBER / > < MAXCAPA > -1 < /MAXCAPA > < CARRIERSHOPNAME > M14 < /CARRIERSHOPNAME > < /DATA > < TAIL / > < /MESSAGE > was sent to DocumentM14.REAL.NANOTRANS.MCSUIF.SENDER.ALL. transactionId=MCS2025122917315747704-OgIR. [GTXN:MCS2025122917315747704-OgIR] ],WELL,NA,'MCS2025122917315747704-OgIR,4PDML395,NA,ts05_m14a,UiSenderEx.send,[2025-12-29 17:31:57.488],THREAD-ID=572,
,UI-CARRIER,[ 2025-12-29 17:31:57.500 ] [ WELL ] [ THREAD-ID=280 ] [ kr.co.aim.nanotrans.server.extension.framework.communication.msb.tibrv.marker.UiSenderEx.send ] [ < ?xml version="1.0" encoding="UTF-8"? > < MESSAGE > < HEADER > < MESSAGENAME > UI-CARRIER < /MESSAGENAME > < TRANSACTIONID / > < CONVERSATIONID / > < TIME / > < /HEADER > < ORIGINATED > < ORIGINATEDTYPE > N < /ORIGINATEDTYPE > < ORIGINATEDNAME / > < MACHINENAME > 4ACM4701 < /MACHINENAME > < CONNECTIONID / > < USERNAME / > < /ORIGINATED > < DATA > < CARRIERNAME > 4PDML395 < /CARRIERNAME > < MACHINENAME > 4ACM4701 < /MACHINENAME > < UNITNAME > V00922 < /UNITNAME > < CARRIERKIND > CARRIER < /CARRIERKIND > < STATE > TRANSFERRING < /STATE > < TYPE > FOUP < /TYPE > < RESERVED > T < /RESERVED > < HOLDED > F < /HOLDED > < PRODUCTEMPTY / > < LOTID / > < CONTAINERNAME / > < SLOTNUMBER / > < MAXCAPA > -1 < /MAXCAPA > < CARRIERSHOPNAME > M14 < /CARRIERSHOPNAME > < /DATA > < TAIL / > < /MESSAGE > was sent to DocumentM14.REAL.NANOTRANS.MCSUIF.SENDER.ALL. transactionId=MCS2025122917315747604-h4Jb. [GTXN:MCS2025122917315747604-h4Jb] ],WELL,4ACM4701,'MCS2025122917315747604-h4Jb,4PDML395,V00922,ts12_m14a,UiSenderEx.send,[2025-12-29 17:31:57.500],THREAD-ID=280,
,,[ 2025-12-29 17:31:57.528 ] [ WELL ] [ THREAD-ID=280 ] [ kr.co.aim.nanotrans.server.extension.framework.communication.msb.cmessage.interfaceManager.HostInterface.send ] [ < ?xml version="1.0" encoding="UTF-8"? > < Envelop > < Header > < Factory > M14 < /Factory > < Environment > REAL < /Environment > < Sender_Node > MCS < /Sender_Node > < Send_Process > MCS < /Send_Process > < Listen_Process > MHS < /Listen_Process > < Command > MCSMHS_CARRIER_LOCATION_CHANGED_EVENT < /Command > < /Header > < Body > < DATA DESTINATION="MHS" ORIGINATION="MCS" TID="MCSMHS_CARRIER_LOCATION_CHANGED_EVENT" SEQUENCE_NAME="MCSMHS_CARRIER_LOCATION_CHANGED_EVENT" > < MCSMHS_CARRIER_LOCATION_CHANGED_EVENT > < CARRIER_LOCATION_INFO CARRIER_ID="4PDML395" CARRIER_STATE="TRANSFERRING" LOCATION_ID="4ACM4701" DETAIL_LOCATION_ID="V00922" SUB_LOCATION_ID="V00922" EVENT_TIME="2025/12/29 17:31:57" / > < /MCSMHS_CARRIER_LOCATION_CHANGED_EVENT > < /DATA > < /Body > < /Envelop > was sent to M14.REAL.NANOTRANS.MHS.MHS.*. transactionId=MCS2025122917315747604-h4Jb. [GTXN:MCS2025122917315747604-h4Jb] ],WELL,,'MCS2025122917315747604-h4Jb,4PDML395,,ts12_m14a,HostInterface.send,[2025-12-29 17:31:57.528],THREAD-ID=280,MCSMHS_CARRIER_LOCATION_CHANGED_EVENT
,VM-COMMON-CARRIERLOCATION,[ 2025-12-29 17:31:57.539 ] [ WELL ] [ THREAD-ID=280 ] [ kr.co.aim.nanotrans.communication.msb.tibrv.marker.TransSender.send ] [ < ?xml version="1.0" encoding="UTF-8"? > < MESSAGE > < HEADER > < MESSAGENAME > VM-COMMON-CARRIERLOCATION < /MESSAGENAME > < TRANSACTIONID / > < CONVERSATIONID / > < TIME > 2025-12-29 17:31:57.537 < /TIME > < /HEADER > < ORIGINATED > < ORIGINATEDTYPE > N < /ORIGINATEDTYPE > < ORIGINATEDNAME / > < MACHINENAME / > < CONNECTIONID / > < USERNAME > NANOTRANS < /USERNAME > < /ORIGINATED > < DATA > < CARRIERID > 4PDML395 < /CARRIERID > < STATE > TRANSFERRING < /STATE > < SOURCEFABNAME > M14 < /SOURCEFABNAME > < SOURCEFLOORNAME > 3F < /SOURCEFLOORNAME > < SOURCEMACHINENAME > 4ANZ53G1 < /SOURCEMACHINENAME > < SOURCEUNITNAME > 4ANZ53G1_Partition1 < /SOURCEUNITNAME > < DESTFABNAME > M16 < /DESTFABNAME > < DESTFLOORNAME > 6F < /DESTFLOORNAME > < DESTMACHINENAME > 4AFC_M16 < /DESTMACHINENAME > < DESTUNITNAME > 4AFC_M16_OUT < /DESTUNITNAME > < CURRENTFLOORNAME > 3F < /CURRENTFLOORNAME > < CURRENTFABNAME > M14 < /CURRENTFABNAME > < CURRENTMACHINENAME > 4ACM4701 < /CURRENTMACHINENAME > < CURRENTUNITNAME > V00922 < /CURRENTUNITNAME > < TRANSPORTJOBID > N4PDML39520251229173110 < /TRANSPORTJOBID > < PRIORITY > 50 < /PRIORITY > < USERNAME > SFAB < /USERNAME > < /DATA > < TAIL / > < /MESSAGE > was sent to M14.REAL.NANOTRANS.SELF.LISTENER. transactionId=MCS2025122917315747604-h4Jb. [GTXN:MCS2025122917315747604-h4Jb] ],WELL,,'MCS2025122917315747604-h4Jb,4PDML395,,ts12_m14a,TransSender.send,[2025-12-29 17:31:57.539],THREAD-ID=280,
,VM-COMMON-CARRIERLOCATION,[ 2025-12-29 17:31:57.540 ] [ WELL ] [ Tibrv Dispatcher ] [ kr.co.aim.nanotrans.communication.msb.tibrv.marker.TransListener.onMsg ] [ < MESSAGE > < HEADER > < MESSAGENAME > VM-COMMON-CARRIERLOCATION < /MESSAGENAME > < TRANSACTIONID > MCS2025122917315754004-AaXv < /TRANSACTIONID > < CONVERSATIONID > 1e6f3f80-2b2a-4569-83ed-a2b920dc3ce2 < /CONVERSATIONID > < TIME > 2025-12-29 17:31:57.537 < /TIME > < /HEADER > < ORIGINATED > < ORIGINATEDTYPE > N < /ORIGINATEDTYPE > < ORIGINATEDNAME / > < MACHINENAME / > < CONNECTIONID / > < USERNAME > NANOTRANS < /USERNAME > < /ORIGINATED > < DATA > < CARRIERID > 4PDML395 < /CARRIERID > < STATE > TRANSFERRING < /STATE > < SOURCEFABNAME > M14 < /SOURCEFABNAME > < SOURCEFLOORNAME > 3F < /SOURCEFLOORNAME > < SOURCEMACHINENAME > 4ANZ53G1 < /SOURCEMACHINENAME > < SOURCEUNITNAME > 4ANZ53G1_Partition1 < /SOURCEUNITNAME > < DESTFABNAME > M16 < /DESTFABNAME > < DESTFLOORNAME > 6F < /DESTFLOORNAME > < DESTMACHINENAME > 4AFC_M16 < /DESTMACHINENAME > < DESTUNITNAME > 4AFC_M16_OUT < /DESTUNITNAME > < CURRENTFLOORNAME > 3F < /CURRENTFLOORNAME > < CURRENTFABNAME > M14 < /CURRENTFABNAME > < CURRENTMACHINENAME > 4ACM4701 < /CURRENTMACHINENAME > < CURRENTUNITNAME > V00922 < /CURRENTUNITNAME > < TRANSPORTJOBID > N4PDML39520251229173110 < /TRANSPORTJOBID > < PRIORITY > 50 < /PRIORITY > < USERNAME > SFAB < /USERNAME > < /DATA > < TAIL / > < /MESSAGE > . transactionId=MCS2025122917315754004-AaXv. [GTXN:MCS2025122917315754004-AaXv] ],WELL,,'MCS2025122917315754004-AaXv,4PDML395,,ts03_m14a,TransListener.onMsg,[2025-12-29 17:31:57.540],Tibrv Dispatcher,
,VM-FABTRANSPORTLOCATIONCHANGED,[ 2025-12-29 17:31:57.565 ] [ WELL ] [ THREAD-ID=571 ] [ kr.co.aim.nanotrans.communication.msb.tibrv.marker.MsSender.send ] [ < ?xml version="1.0" encoding="UTF-8"? > < MESSAGE > < HEADER > < MESSAGENAME > VM-FABTRANSPORTLOCATIONCHANGED < /MESSAGENAME > < TRANSACTIONID > MCS2025122917315754004-AaXv < /TRANSACTIONID > < CONVERSATIONID > 1e6f3f80-2b2a-4569-83ed-a2b920dc3ce2 < /CONVERSATIONID > < TIME > 2025-12-29 17:31:57.537 < /TIME > < /HEADER > < ORIGINATED > < ORIGINATEDTYPE > N < /ORIGINATEDTYPE > < ORIGINATEDNAME / > < MACHINENAME > M14-M16B < /MACHINENAME > < CONNECTIONID / > < USERNAME > SFAB < /USERNAME > < /ORIGINATED > < DATA > < CEID > 1 < /CEID > < CARRIERID > 4PDML395 < /CARRIERID > < STATE > TRANSFERRING < /STATE > < LOTID > TE25160 < /LOTID > < TYPE > FOUP < /TYPE > < PROCESSTYPE > FOUP < /PROCESSTYPE > < SOURCEFABNAME > M14 < /SOURCEFABNAME > < SOURCEFLOORNAME > 3F < /SOURCEFLOORNAME > < SOURCEMACHINENAME > 4ANZ53G1 < /SOURCEMACHINENAME > < SOURCEUNITNAME > 4ANZ53G1_Partition1 < /SOURCEUNITNAME > < DESTFABNAME > M16 < /DESTFABNAME > < DESTFLOORNAME > 6F < /DESTFLOORNAME > < DESTMACHINENAME > 4AFC_M16 < /DESTMACHINENAME > < DESTUNITNAME > 4AFC_M16_OUT < /DESTUNITNAME > < CURRENTFABNAME > M14 < /CURRENTFABNAME > < CURRENTFLOORNAME > 3F < /CURRENTFLOORNAME > < CURRENTMACHINENAME > 4ACM4701 < /CURRENTMACHINENAME > < CURRENTUNITNAME > V00922 < /CURRENTUNITNAME > < TRANSPORTJOBID > N4PDML39520251229173110 < /TRANSPORTJOBID > < PRIORITY > 50 < /PRIORITY > < USERNAME > SFAB < /USERNAME > < CMDTYPE / > < /DATA > < TAIL / > < /MESSAGE > was sent to M14.REAL.NANOTRANS.EM.MS01_VM_P. transactionId=MCS2025122917315754004-AaXv. [GTXN:MCS2025122917315754004-AaXv] ],WELL,M14-M16B,'MCS2025122917315754004-AaXv,4PDML395,,ts03_m14a,MsSender.send,[2025-12-29 17:31:57.565],THREAD-ID=571,
,VM-TRANSPORTJOBLOCATIONCHANGED,[ 2025-12-29 17:31:57.568 ] [ WELL ] [ Tibrv Dispatcher ] [ kr.co.aim.nanotrans.communication.msb.tibrv.marker.EsListener.onMsg ] [ < MESSAGE > < HEADER > < MESSAGENAME > VM-TRANSPORTJOBLOCATIONCHANGED < /MESSAGENAME > < TRANSACTIONID > MCS2025122917315756804-Rxfz < /TRANSACTIONID > < CONVERSATIONID > 0aa85f46-47a8-4c47-bbbd-86e542765d20 < /CONVERSATIONID > < TIME > 2025-12-29 17:31:57.566 < /TIME > < /HEADER > < ORIGINATED > < ORIGINATEDTYPE > M < /ORIGINATEDTYPE > < ORIGINATEDNAME / > < MACHINENAME > M14-M16B < /MACHINENAME > < CONNECTIONID > M14-M16B < /CONNECTIONID > < USERNAME / > < /ORIGINATED > < DATA > < LIST > < CEID > 1 < /CEID > < LIST > < CARRIERID > 4PDML395 < /CARRIERID > < STATE > TRANSFERRING < /STATE > < LOTID > TE25160 < /LOTID > < TYPE > FOUP < /TYPE > < PROCESSTYPE > FOUP < /PROCESSTYPE > < SOURCEFABNAME > M14 < /SOURCEFABNAME > < SOURCEFLOORNAME > 3F < /SOURCEFLOORNAME > < SOURCEMACHINENAME > 4ANZ53G1 < /SOURCEMACHINENAME > < SOURCEUNITNAME > 4ANZ53G1_Partition1 < /SOURCEUNITNAME > < DESTFABNAME > M16 < /DESTFABNAME > < DESTFLOORNAME > 6F < /DESTFLOORNAME > < DESTMACHINENAME > 4AFC_M16 < /DESTMACHINENAME > < DESTUNITNAME > 4AFC_M16_OUT < /DESTUNITNAME > < CURRENTFABNAME > M14 < /CURRENTFABNAME > < CURRENTFLOORNAME > 3F < /CURRENTFLOORNAME > < CURRENTMACHINENAME > 4ACM4701 < /CURRENTMACHINENAME > < CURRENTUNITNAME > V00922 < /CURRENTUNITNAME > < TRANSPORTJOBID > N4PDML39520251229173110 < /TRANSPORTJOBID > < PRIORITY > 50 < /PRIORITY > < USERNAME > SFAB < /USERNAME > < CMDTYPE / > < /LIST > < /LIST > < /DATA > < TAIL > < SECSII > < ![CDATA[RECV S11F69:FabTransportJobInfo [D=1] [len=200] [SB=38286470] < L.2 < U2.1 [CEID] '1' > < L.21 < A.8 [CARRIERID] '4PDML395' > < A.12 [STATE] 'TRANSFERRING' > < A.7 [LOTID] 'TE25160' > < A.4 [TYPE] 'FOUP' > < A.4 [PROCESSTYPE] 'FOUP' > < A.3 [SOURCEFABNAME] 'M14' > < A.2 [SOURCEFLOORNAME] '3F' > < A.8 [SOURCEMACHINENAME] '4ANZ53G1' > < A.19 [SOURCEUNITNAME] '4ANZ53G1_Partition1' > < A.3 [DESTFABNAME] 'M16' > < A.2 [DESTFLOORNAME] '6F' > < A.8 [DESTMACHINENAME] '4AFC_M16' > < A.12 [DESTUNITNAME] '4AFC_M16_OUT' > < A.3 [CURRENTFABNAME] 'M14' > < A.2 [CURRENTFLOORNAME] '3F' > < A.8 [CURRENTMACHINENAME] '4ACM4701' > < A.6 [CURRENTUNITNAME] 'V00922' > < A.23 [TRANSPORTJOBID] 'N4PDML39520251229173110' > < A.2 [PRIORITY] '50' > < A.4 [USERNAME] 'SFAB' > < A.0 [CMDTYPE] '' > > > .]] > < /SECSII > < /TAIL > < /MESSAGE > . transactionId=MCS2025122917315756804-Rxfz. [GTXN:MCS2025122917315756804-Rxfz] ],WELL,M14-M16B,'MCS2025122917315756804-Rxfz,4PDML395,,ts12_m16b,EsListener.onMsg,[2025-12-29 17:31:57.568],Tibrv Dispatcher,
,VM-FABTRANSPORTLOCATIONCHANGED,[ 2025-12-29 17:31:57.569 ] [ WELL ] [ THREAD-ID=571 ] [ kr.co.aim.nanotrans.communication.msb.tibrv.marker.MsSender.send ] [ < ?xml version="1.0" encoding="UTF-8"? > < MESSAGE > < HEADER > < MESSAGENAME > VM-FABTRANSPORTLOCATIONCHANGED < /MESSAGENAME > < TRANSACTIONID > MCS2025122917315754004-AaXv < /TRANSACTIONID > < CONVERSATIONID > 1e6f3f80-2b2a-4569-83ed-a2b920dc3ce2 < /CONVERSATIONID > < TIME > 2025-12-29 17:31:57.537 < /TIME > < /HEADER > < ORIGINATED > < ORIGINATEDTYPE > N < /ORIGINATEDTYPE > < ORIGINATEDNAME / > < MACHINENAME > M14-M16 < /MACHINENAME > < CONNECTIONID / > < USERNAME > SFAB < /USERNAME > < /ORIGINATED > < DATA > < CEID > 1 < /CEID > < CARRIERID > 4PDML395 < /CARRIERID > < STATE > TRANSFERRING < /STATE > < LOTID > TE25160 < /LOTID > < TYPE > FOUP < /TYPE > < PROCESSTYPE > FOUP < /PROCESSTYPE > < SOURCEFABNAME > M14 < /SOURCEFABNAME > < SOURCEFLOORNAME > 3F < /SOURCEFLOORNAME > < SOURCEMACHINENAME > 4ANZ53G1 < /SOURCEMACHINENAME > < SOURCEUNITNAME > 4ANZ53G1_Partition1 < /SOURCEUNITNAME > < DESTFABNAME > M16 < /DESTFABNAME > < DESTFLOORNAME > 6F < /DESTFLOORNAME > < DESTMACHINENAME > 4AFC_M16 < /DESTMACHINENAME > < DESTUNITNAME > 4AFC_M16_OUT < /DESTUNITNAME > < CURRENTFABNAME > M14 < /CURRENTFABNAME > < CURRENTFLOORNAME > 3F < /CURRENTFLOORNAME > < CURRENTMACHINENAME > 4ACM4701 < /CURRENTMACHINENAME > < CURRENTUNITNAME > V00922 < /CURRENTUNITNAME > < TRANSPORTJOBID > N4PDML39520251229173110 < /TRANSPORTJOBID > < PRIORITY > 50 < /PRIORITY > < USERNAME > SFAB < /USERNAME > < CMDTYPE / > < /DATA > < TAIL / > < /MESSAGE > was sent to M14.REAL.NANOTRANS.EM.MS01_VM_P. transactionId=MCS2025122917315754004-AaXv. [GTXN:MCS2025122917315754004-AaXv] ],WELL,M14-M16,'MCS2025122917315754004-AaXv,4PDML395,,ts03_m14a,MsSender.send,[2025-12-29 17:31:57.569],THREAD-ID=571,
,VM-FABTRANSPORTLOCATIONCHANGED,[ 2025-12-29 17:31:57.573 ] [ WELL ] [ THREAD-ID=571 ] [ kr.co.aim.nanotrans.communication.msb.tibrv.marker.MsSender.send ] [ < ?xml version="1.0" encoding="UTF-8"? > < MESSAGE > < HEADER > < MESSAGENAME > VM-FABTRANSPORTLOCATIONCHANGED < /MESSAGENAME > < TRANSACTIONID > MCS2025122917315754004-AaXv < /TRANSACTIONID > < CONVERSATIONID > 1e6f3f80-2b2a-4569-83ed-a2b920dc3ce2 < /CONVERSATIONID > < TIME > 2025-12-29 17:31:57.537 < /TIME > < /HEADER > < ORIGINATED > < ORIGINATEDTYPE > N < /ORIGINATEDTYPE > < ORIGINATEDNAME / > < MACHINENAME > M14-M14B < /MACHINENAME > < CONNECTIONID / > < USERNAME > SFAB < /USERNAME > < /ORIGINATED > < DATA > < CEID > 1 < /CEID > < CARRIERID > 4PDML395 < /CARRIERID > < STATE > TRANSFERRING < /STATE > < LOTID > TE25160 < /LOTID > < TYPE > FOUP < /TYPE > < PROCESSTYPE > FOUP < /PROCESSTYPE > < SOURCEFABNAME > M14 < /SOURCEFABNAME > < SOURCEFLOORNAME > 3F < /SOURCEFLOORNAME > < SOURCEMACHINENAME > 4ANZ53G1 < /SOURCEMACHINENAME > < SOURCEUNITNAME > 4ANZ53G1_Partition1 < /SOURCEUNITNAME > < DESTFABNAME > M16 < /DESTFABNAME > < DESTFLOORNAME > 6F < /DESTFLOORNAME > < DESTMACHINENAME > 4AFC_M16 < /DESTMACHINENAME > < DESTUNITNAME > 4AFC_M16_OUT < /DESTUNITNAME > < CURRENTFABNAME > M14 < /CURRENTFABNAME > < CURRENTFLOORNAME > 3F < /CURRENTFLOORNAME > < CURRENTMACHINENAME > 4ACM4701 < /CURRENTMACHINENAME > < CURRENTUNITNAME > V00922 < /CURRENTUNITNAME > < TRANSPORTJOBID > N4PDML39520251229173110 < /TRANSPORTJOBID > < PRIORITY > 50 < /PRIORITY > < USERNAME > SFAB < /USERNAME > < CMDTYPE / > < /DATA > < TAIL / > < /MESSAGE > was sent to M14.REAL.NANOTRANS.EM.MS01_VM_P. transactionId=MCS2025122917315754004-AaXv. [GTXN:MCS2025122917315754004-AaXv] ],WELL,M14-M14B,'MCS2025122917315754004-AaXv,4PDML395,,ts03_m14a,MsSender.send,[2025-12-29 17:31:57.573],THREAD-ID=571,
,VM-TRANSPORTJOBLOCATIONCHANGED,[ 2025-12-29 17:31:57.574 ] [ WELL ] [ Tibrv Dispatcher ] [ kr.co.aim.nanotrans.communication.msb.tibrv.marker.EsListener.onMsg ] [ < MESSAGE > < HEADER > < MESSAGENAME > VM-TRANSPORTJOBLOCATIONCHANGED < /MESSAGENAME > < TRANSACTIONID > MCS2025122917315757404-JYJt < /TRANSACTIONID > < CONVERSATIONID > 2d8bb98e-7062-48b3-ae78-ff18454e9f8a < /CONVERSATIONID > < TIME > 2025-12-29 17:31:57.571 < /TIME > < /HEADER > < ORIGINATED > < ORIGINATEDTYPE > M < /ORIGINATEDTYPE > < ORIGINATEDNAME / > < MACHINENAME > M14-M16 < /MACHINENAME > < CONNECTIONID > M14-M16 < /CONNECTIONID > < USERNAME / > < /ORIGINATED > < DATA > < LIST > < CEID > 1 < /CEID > < LIST > < CARRIERID > 4PDML395 < /CARRIERID > < STATE > TRANSFERRING < /STATE > < LOTID > TE25160 < /LOTID > < TYPE > FOUP < /TYPE > < PROCESSTYPE > FOUP < /PROCESSTYPE > < SOURCEFABNAME > M14 < /SOURCEFABNAME > < SOURCEFLOORNAME > 3F < /SOURCEFLOORNAME > < SOURCEMACHINENAME > 4ANZ53G1 < /SOURCEMACHINENAME > < SOURCEUNITNAME > 4ANZ53G1_Partition1 < /SOURCEUNITNAME > < DESTFABNAME > M16 < /DESTFABNAME > < DESTFLOORNAME > 6F < /DESTFLOORNAME > < DESTMACHINENAME > 4AFC_M16 < /DESTMACHINENAME > < DESTUNITNAME > 4AFC_M16_OUT < /DESTUNITNAME > < CURRENTFABNAME > M14 < /CURRENTFABNAME > < CURRENTFLOORNAME > 3F < /CURRENTFLOORNAME > < CURRENTMACHINENAME > 4ACM4701 < /CURRENTMACHINENAME > < CURRENTUNITNAME > V00922 < /CURRENTUNITNAME > < TRANSPORTJOBID > N4PDML39520251229173110 < /TRANSPORTJOBID > < PRIORITY > 50 < /PRIORITY > < USERNAME > SFAB < /USERNAME > < CMDTYPE / > < /LIST > < /LIST > < /DATA > < TAIL > < SECSII > < ![CDATA[RECV S11F69:FabTransportJobInfo [D=1] [len=200] [SB=50735827] < L.2 < U2.1 [CEID] '1' > < L.21 < A.8 [CARRIERID] '4PDML395' > < A.12 [STATE] 'TRANSFERRING' > < A.7 [LOTID] 'TE25160' > < A.4 [TYPE] 'FOUP' > < A.4 [PROCESSTYPE] 'FOUP' > < A.3 [SOURCEFABNAME] 'M14' > < A.2 [SOURCEFLOORNAME] '3F' > < A.8 [SOURCEMACHINENAME] '4ANZ53G1' > < A.19 [SOURCEUNITNAME] '4ANZ53G1_Partition1' > < A.3 [DESTFABNAME] 'M16' > < A.2 [DESTFLOORNAME] '6F' > < A.8 [DESTMACHINENAME] '4AFC_M16' > < A.12 [DESTUNITNAME] '4AFC_M16_OUT' > < A.3 [CURRENTFABNAME] 'M14' > < A.2 [CURRENTFLOORNAME] '3F' > < A.8 [CURRENTMACHINENAME] '4ACM4701' > < A.6 [CURRENTUNITNAME] 'V00922' > < A.23 [TRANSPORTJOBID] 'N4PDML39520251229173110' > < A.2 [PRIORITY] '50' > < A.4 [USERNAME] 'SFAB' > < A.0 [CMDTYPE] '' > > > .]] > < /SECSII > < /TAIL > < /MESSAGE > . transactionId=MCS2025122917315757404-JYJt. [GTXN:MCS2025122917315757404-JYJt] ],WELL,M14-M16,'MCS2025122917315757404-JYJt,4PDML395,,ts04_m16a,EsListener.onMsg,[2025-12-29 17:31:57.574],Tibrv Dispatcher,
,VM-TRANSPORTJOBLOCATIONCHANGED,[2025-12-29 17:31:57.577] [ WELL] [ Tibrv Dispatcher] [kr.co.aim.nanotrans.communication.msb.tibrv.marker.EsListener.onMsg] - [ < MESSAGE > < HEADER > < MESSAGENAME > VM-TRANSPORTJOBLOCATIONCHANGED < /MESSAGENAME > < TRANSACTIONID > MCS2025122917315757704-XbWq < /TRANSACTIONID > < CONVERSATIONID > 35c48cf5-8d78-4f5a-b24e-7d3f89ccf9b4 < /CONVERSATIONID > < TIME > 2025-12-29 17:31:57.575 < /TIME > < /HEADER > < ORIGINATED > < ORIGINATEDTYPE > M < /ORIGINATEDTYPE > < ORIGINATEDNAME / > < MACHINENAME > M14-M14B < /MACHINENAME > < CONNECTIONID > M14-M14B < /CONNECTIONID > < USERNAME / > < /ORIGINATED > < DATA > < LIST > < CEID > 1 < /CEID > < LIST > < CARRIERID > 4PDML395 < /CARRIERID > < STATE > TRANSFERRING < /STATE > < LOTID > TE25160 < /LOTID > < TYPE > FOUP < /TYPE > < PROCESSTYPE > FOUP < /PROCESSTYPE > < SOURCEFABNAME > M14 < /SOURCEFABNAME > < SOURCEFLOORNAME > 3F < /SOURCEFLOORNAME > < SOURCEMACHINENAME > 4ANZ53G1 < /SOURCEMACHINENAME > < SOURCEUNITNAME > 4ANZ53G1_Partition1 < /SOURCEUNITNAME > < DESTFABNAME > M16 < /DESTFABNAME > < DESTFLOORNAME > 6F < /DESTFLOORNAME > < DESTMACHINENAME > 4AFC_M16 < /DESTMACHINENAME > < DESTUNITNAME > 4AFC_M16_OUT < /DESTUNITNAME > < CURRENTFABNAME > M14 < /CURRENTFABNAME > < CURRENTFLOORNAME > 3F < /CURRENTFLOORNAME > < CURRENTMACHINENAME > 4ACM4701 < /CURRENTMACHINENAME > < CURRENTUNITNAME > V00922 < /CURRENTUNITNAME > < TRANSPORTJOBID > N4PDML39520251229173110 < /TRANSPORTJOBID > < PRIORITY > 50 < /PRIORITY > < USERNAME > SFAB < /USERNAME > < CMDTYPE / > < /LIST > < /LIST > < /DATA > < TAIL > < SECSII > < ![CDATA[RECV S11F69:FabTransportJobInfo [D=1] [len=200] [SB=38286470] < L.2 < U2.1 [CEID] '1' > < L.21 < A.8 [CARRIERID] '4PDML395' > < A.12 [STATE] 'TRANSFERRING' > < A.7 [LOTID] 'TE25160' > < A.4 [TYPE] 'FOUP' > < A.4 [PROCESSTYPE] 'FOUP' > < A.3 [SOURCEFABNAME] 'M14' > < A.2 [SOURCEFLOORNAME] '3F' > < A.8 [SOURCEMACHINENAME] '4ANZ53G1' > < A.19 [SOURCEUNITNAME] '4ANZ53G1_Partition1' > < A.3 [DESTFABNAME] 'M16' > < A.2 [DESTFLOORNAME] '6F' > < A.8 [DESTMACHINENAME] '4AFC_M16' > < A.12 [DESTUNITNAME] '4AFC_M16_OUT' > < A.3 [CURRENTFABNAME] 'M14' > < A.2 [CURRENTFLOORNAME] '3F' > < A.8 [CURRENTMACHINENAME] '4ACM4701' > < A.6 [CURRENTUNITNAME] 'V00922' > < A.23 [TRANSPORTJOBID] 'N4PDML39520251229173110' > < A.2 [PRIORITY] '50' > < A.4 [USERNAME] 'SFAB' > < A.0 [CMDTYPE] '' > > > .]] > < /SECSII > < /TAIL > < /MESSAGE > . transactionId=MCS2025122917315757704-XbWq. [GTXN:MCS2025122917315757704-XbWq]. messageName=VM-TRANSPORTJOBLOCATIONCHANGED. communicationMessageName=VM-TRANSPORTJOBLOCATIONCHANGED. transportCommandId=. carrierName=4PDML395. machineName=M14-M14B. unitName=],WELL,M14-M14B,'MCS2025122917315757704-XbWq,4PDML395,,ts11_m14b,EsListener.onMsg,[2025-12-29 17:31:57.577],Tibrv Dispatcher,
,RAIL-VEHICLEDEPOSITSTARTED,[ 2025-12-29 17:32:51.217 ] [ WELL ] [ Tibrv Dispatcher ] [ kr.co.aim.nanotrans.communication.msb.tibrv.marker.EsListener.onMsg ] [ < MESSAGE > < HEADER > < MESSAGENAME > RAIL-VEHICLEDEPOSITSTARTED < /MESSAGENAME > < TRANSACTIONID > MCS2025122917325121704-YL9G < /TRANSACTIONID > < CONVERSATIONID > 53dab273-f3e9-4317-b1ed-96d5db96aa30 < /CONVERSATIONID > < TIME > 2025-12-29 17:32:51.215 < /TIME > < /HEADER > < ORIGINATED > < ORIGINATEDTYPE > M < /ORIGINATEDTYPE > < ORIGINATEDNAME / > < MACHINENAME > 4ACM4701 < /MACHINENAME > < CONNECTIONID > 4ACM4701 < /CONNECTIONID > < USERNAME / > < /ORIGINATED > < DATA > < LIST > < DATAID > 0 < /DATAID > < CEID > 206 < /CEID > < RPTIDCOUNT > < LIST > < RPTID > 7 < /RPTID > < VCOUNT > < VEHICLEID > V00922 < /VEHICLEID > < CARRIERID > 4PDML395 < /CARRIERID > < TRANSFERPORT > 4AFC3301A_IN58 < /TRANSFERPORT > < /VCOUNT > < /LIST > < /RPTIDCOUNT > < /LIST > < /DATA > < TAIL > < SECSII > < ![CDATA[RECV S6F11:VehicleAquireDepositEventReportSend W [D=6] [len=66] [SB=505252829] < L.3 < U4.1 [DATAID] '0' > < U2.1 [CEID] '206' > < L.1 [RPTIDCOUNT] < L.2 < U2.1 [RPTID] '7' > < L.3 [VCOUNT] < A.6 [VEHICLEID] 'V00922' > < A.8 [CARRIERID] '4PDML395' > < A.14 [TRANSFERPORT] '4AFC3301A_IN58' > > > > > .]] > < /SECSII > < /TAIL > < /MESSAGE > . transactionId=MCS2025122917325121704-YL9G. [GTXN:MCS2025122917325121704-YL9G] ],WELL,4ACM4701,'MCS2025122917325121704-YL9G,4PDML395,,ts05_m14a,EsListener.onMsg,[2025-12-29 17:32:51.217],Tibrv Dispatcher,
N4PDML39520251229173110,RAIL-VEHICLEUNASSIGNED,[ 2025-12-29 17:33:04.956 ] [ WELL ] [ Tibrv Dispatcher ] [ kr.co.aim.nanotrans.communication.msb.tibrv.marker.EsListener.onMsg ] [ < MESSAGE > < HEADER > < MESSAGENAME > RAIL-VEHICLEUNASSIGNED < /MESSAGENAME > < TRANSACTIONID > MCS2025122917330495604-L4PV < /TRANSACTIONID > < CONVERSATIONID > a4277fe6-ae81-4927-9ffb-baab44c42049 < /CONVERSATIONID > < TIME > 2025-12-29 17:33:04.954 < /TIME > < /HEADER > < ORIGINATED > < ORIGINATEDTYPE > M < /ORIGINATEDTYPE > < ORIGINATEDNAME / > < MACHINENAME > 4ACM4701 < /MACHINENAME > < CONNECTIONID > 4ACM4701 < /CONNECTIONID > < USERNAME / > < /ORIGINATED > < DATA > < LIST > < DATAID > 0 < /DATAID > < CEID > 210 < /CEID > < RPTIDCOUNT > < LIST > < RPTID > 6 < /RPTID > < VCOUNT > < VEHICLEID > V00922 < /VEHICLEID > < COMMANDID > N4PDML39520251229173110 < /COMMANDID > < /VCOUNT > < /LIST > < /RPTIDCOUNT > < /LIST > < /DATA > < TAIL > < SECSII > < ![CDATA[RECV S6F11:VehicleAssignedEventReportSend W [D=6] [len=65] [SB=505253866] < L.3 < U4.1 [DATAID] '0' > < U2.1 [CEID] '210' > < L.1 [RPTIDCOUNT] < L.2 < U2.1 [RPTID] '6' > < L.2 [VCOUNT] < A.6 [VEHICLEID] 'V00922' > < A.23 [COMMANDID] 'N4PDML39520251229173110' > > > > > .]] > < /SECSII > < /TAIL > < /MESSAGE > . transactionId=MCS2025122917330495604-L4PV. [GTXN:MCS2025122917330495604-L4PV] ],WELL,4ACM4701,'MCS2025122917330495604-L4PV,,,ts01_m14a,EsListener.onMsg,[2025-12-29 17:33:04.956],Tibrv Dispatcher,
,RAIL-VEHICLEDEPOSITCOMPLETED,[ 2025-12-29 17:33:04.956 ] [ WELL ] [ Tibrv Dispatcher ] [ kr.co.aim.nanotrans.communication.msb.tibrv.marker.EsListener.onMsg ] [ < MESSAGE > < HEADER > < MESSAGENAME > RAIL-VEHICLEDEPOSITCOMPLETED < /MESSAGENAME > < TRANSACTIONID > MCS2025122917330495604-eGPp < /TRANSACTIONID > < CONVERSATIONID > 9dda3994-2ed2-48d7-ae5b-5d10039ec805 < /CONVERSATIONID > < TIME > 2025-12-29 17:33:04.954 < /TIME > < /HEADER > < ORIGINATED > < ORIGINATEDTYPE > M < /ORIGINATEDTYPE > < ORIGINATEDNAME / > < MACHINENAME > 4ACM4701 < /MACHINENAME > < CONNECTIONID > 4ACM4701 < /CONNECTIONID > < USERNAME / > < /ORIGINATED > < DATA > < LIST > < DATAID > 0 < /DATAID > < CEID > 207 < /CEID > < RPTIDCOUNT > < LIST > < RPTID > 7 < /RPTID > < VCOUNT > < VEHICLEID > V00922 < /VEHICLEID > < CARRIERID > 4PDML395 < /CARRIERID > < TRANSFERPORT > 4AFC3301A_IN58 < /TRANSFERPORT > < /VCOUNT > < /LIST > < /RPTIDCOUNT > < /LIST > < /DATA > < TAIL > < SECSII > < ![CDATA[RECV S6F11:VehicleAquireDepositEventReportSend W [D=6] [len=66] [SB=505253865] < L.3 < U4.1 [DATAID] '0' > < U2.1 [CEID] '207' > < L.1 [RPTIDCOUNT] < L.2 < U2.1 [RPTID] '7' > < L.3 [VCOUNT] < A.6 [VEHICLEID] 'V00922' > < A.8 [CARRIERID] '4PDML395' > < A.14 [TRANSFERPORT] '4AFC3301A_IN58' > > > > > .]] > < /SECSII > < /TAIL > < /MESSAGE > . transactionId=MCS2025122917330495604-eGPp. [GTXN:MCS2025122917330495604-eGPp] ],WELL,4ACM4701,'MCS2025122917330495604-eGPp,4PDML395,,ts04_m14a,EsListener.onMsg,[2025-12-29 17:33:04.956],Tibrv Dispatcher,
N4PDML39520251229173110,RAIL-CARRIERREMOVED,[ 2025-12-29 17:33:04.956 ] [ WELL ] [ Tibrv Dispatcher ] [ kr.co.aim.nanotrans.communication.msb.tibrv.marker.EsListener.onMsg ] [ < MESSAGE > < HEADER > < MESSAGENAME > RAIL-CARRIERREMOVED < /MESSAGENAME > < TRANSACTIONID > MCS2025122917330495604-NFJQ < /TRANSACTIONID > < CONVERSATIONID > 1d136b17-d70c-4fa5-a7a3-2e034ccd4a6d < /CONVERSATIONID > < TIME > 2025-12-29 17:33:04.953 < /TIME > < /HEADER > < ORIGINATED > < ORIGINATEDTYPE > M < /ORIGINATEDTYPE > < ORIGINATEDNAME / > < MACHINENAME > 4ACM4701 < /MACHINENAME > < CONNECTIONID > 4ACM4701 < /CONNECTIONID > < USERNAME / > < /ORIGINATED > < DATA > < LIST > < DATAID > 0 < /DATAID > < CEID > 152 < /CEID > < RPTIDCOUNT > < LIST > < RPTID > 8 < /RPTID > < VCOUNT > < VEHICLEID > V00922 < /VEHICLEID > < CARRIERID > 4PDML395 < /CARRIERID > < CARRIERLOC > 4AFC3301A_IN58 < /CARRIERLOC > < COMMANDID > N4PDML39520251229173110 < /COMMANDID > < /VCOUNT > < /LIST > < /RPTIDCOUNT > < /LIST > < /DATA > < TAIL > < SECSII > < ![CDATA[RECV S6F11:CarrierInstallRemoveEventReportSend W [D=6] [len=91] [SB=505253864] < L.3 < U4.1 [DATAID] '0' > < U2.1 [CEID] '152' > < L.1 [RPTIDCOUNT] < L.2 < U2.1 [RPTID] '8' > < L.4 [VCOUNT] < A.6 [VEHICLEID] 'V00922' > < A.8 [CARRIERID] '4PDML395' > < A.14 [CARRIERLOC] '4AFC3301A_IN58' > < A.23 [COMMANDID] 'N4PDML39520251229173110' > > > > > .]] > < /SECSII > < /TAIL > < /MESSAGE > . transactionId=MCS2025122917330495604-NFJQ. [GTXN:MCS2025122917330495604-NFJQ] ],WELL,4ACM4701,'MCS2025122917330495604-NFJQ,4PDML395,,ts11_m14a,EsListener.onMsg,[2025-12-29 17:33:04.956],Tibrv Dispatcher,
N4PDML39520251229173110,RAIL-TRANSFERCOMPLETED,[ 2025-12-29 17:33:04.957 ] [ WELL ] [ Tibrv Dispatcher ] [ kr.co.aim.nanotrans.communication.msb.tibrv.marker.EsListener.onMsg ] [ < MESSAGE > < HEADER > < MESSAGENAME > RAIL-TRANSFERCOMPLETED < /MESSAGENAME > < TRANSACTIONID > MCS2025122917330495704-MtZK < /TRANSACTIONID > < CONVERSATIONID > f94b41f5-6684-4bed-91fd-cbb1a59bfb5e < /CONVERSATIONID > < TIME > 2025-12-29 17:33:04.954 < /TIME > < /HEADER > < ORIGINATED > < ORIGINATEDTYPE > M < /ORIGINATEDTYPE > < ORIGINATEDNAME / > < MACHINENAME > 4ACM4701 < /MACHINENAME > < CONNECTIONID > 4ACM4701 < /CONNECTIONID > < USERNAME / > < /ORIGINATED > < DATA > < LIST > < DATAID > 0 < /DATAID > < CEID > 107 < /CEID > < RPTIDCOUNT > < LIST > < RPTID > 11 < /RPTID > < VCOUNT > < COMMANDID > N4PDML39520251229173110 < /COMMANDID > < LIST > < TRANSFERCOMPLETEINFO > < TRANSFERINFO > < CARRIERID > 4PDML395 < /CARRIERID > < SOURCEPORT > 4ANZ53-411 < /SOURCEPORT > < DESTPORT > 4AFC3301A_IN58 < /DESTPORT > < /TRANSFERINFO > < CARRIERLOC > 4AFC3301A_IN58 < /CARRIERLOC > < /TRANSFERCOMPLETEINFO > < /LIST > < RESULTCODE > 0 < /RESULTCODE > < /VCOUNT > < /LIST > < /RPTIDCOUNT > < /LIST > < /DATA > < TAIL > < SECSII > < ![CDATA[RECV S6F11:TransferCompletedEventReportSend W [D=6] [len=121] [SB=505253867] < L.3 < U4.1 [DATAID] '0' > < U2.1 [CEID] '107' > < L.1 [RPTIDCOUNT] < L.2 < U2.1 [RPTID] '11' > < L.3 [VCOUNT] < A.23 [COMMANDID] 'N4PDML39520251229173110' > < L.1 < L.2 [TRANSFERCOMPLETEINFO] < L.3 [TRANSFERINFO] < A.8 [CARRIERID] '4PDML395' > < A.10 [SOURCEPORT] '4ANZ53-411' > < A.14 [DESTPORT] '4AFC3301A_IN58' > > < A.14 [CARRIERLOC] '4AFC3301A_IN58' > > > < U2.1 [RESULTCODE] '0' > > > > > .]] > < /SECSII > < /TAIL > < /MESSAGE > . transactionId=MCS2025122917330495704-MtZK. [GTXN:MCS2025122917330495704-MtZK] ],WELL,4ACM4701,'MCS2025122917330495704-MtZK,4PDML395,,ts13_m14a,EsListener.onMsg,[2025-12-29 17:33:04.957],Tibrv Dispatcher,
,UI-CARRIER,[ 2025-12-29 17:33:04.992 ] [ WELL ] [ THREAD-ID=140 ] [ kr.co.aim.nanotrans.server.extension.framework.communication.msb.tibrv.marker.UiSenderEx.send ] [ < ?xml version="1.0" encoding="UTF-8"? > < MESSAGE > < HEADER > < MESSAGENAME > UI-CARRIER < /MESSAGENAME > < TRANSACTIONID / > < CONVERSATIONID / > < TIME / > < /HEADER > < ORIGINATED > < ORIGINATEDTYPE > N < /ORIGINATEDTYPE > < ORIGINATEDNAME / > < MACHINENAME > 4AFC3301 < /MACHINENAME > < CONNECTIONID / > < USERNAME / > < /ORIGINATED > < DATA > < CARRIERNAME > 4PDML395 < /CARRIERNAME > < MACHINENAME > 4AFC3301 < /MACHINENAME > < UNITNAME > 4AFC3301A_IN58 < /UNITNAME > < CARRIERKIND > CARRIER < /CARRIERKIND > < STATE > NA < /STATE > < TYPE > FOUP < /TYPE > < RESERVED > T < /RESERVED > < HOLDED > F < /HOLDED > < PRODUCTEMPTY / > < LOTID / > < CONTAINERNAME / > < SLOTNUMBER / > < MAXCAPA > -1 < /MAXCAPA > < CARRIERSHOPNAME > M14 < /CARRIERSHOPNAME > < /DATA > < TAIL / > < /MESSAGE > was sent to DocumentM14.REAL.NANOTRANS.MCSUIF.SENDER.ALL. transactionId=MCS2025122917330495604-NFJQ. [GTXN:MCS2025122917330495604-NFJQ] ],WELL,4AFC3301,'MCS2025122917330495604-NFJQ,4PDML395,4AFC3301A_IN58,ts11_m14a,UiSenderEx.send,[2025-12-29 17:33:04.992],THREAD-ID=140,
,,[ 2025-12-29 17:33:05.005 ] [ WELL ] [ THREAD-ID=140 ] [ kr.co.aim.nanotrans.server.extension.framework.communication.msb.cmessage.interfaceManager.HostInterface.send ] [ < ?xml version="1.0" encoding="UTF-8"? > < Envelop > < Header > < Factory > M14 < /Factory > < Environment > REAL < /Environment > < Sender_Node > MCS < /Sender_Node > < Send_Process > MCS < /Send_Process > < Listen_Process > MHS < /Listen_Process > < Command > MCSMHS_CARRIER_LOCATION_CHANGED_EVENT < /Command > < /Header > < Body > < DATA DESTINATION="MHS" ORIGINATION="MCS" TID="MCSMHS_CARRIER_LOCATION_CHANGED_EVENT" SEQUENCE_NAME="MCSMHS_CARRIER_LOCATION_CHANGED_EVENT" > < MCSMHS_CARRIER_LOCATION_CHANGED_EVENT > < CARRIER_LOCATION_INFO CARRIER_ID="4PDML395" CARRIER_STATE="NA" LOCATION_ID="4AFC3301" DETAIL_LOCATION_ID="IN58" SUB_LOCATION_ID="4AFC3301A_IN58" EVENT_TIME="2025/12/29 17:33:05" / > < /MCSMHS_CARRIER_LOCATION_CHANGED_EVENT > < /DATA > < /Body > < /Envelop > was sent to M14.REAL.NANOTRANS.MHS.MHS.*. transactionId=MCS2025122917330495604-NFJQ. [GTXN:MCS2025122917330495604-NFJQ] ],WELL,,'MCS2025122917330495604-NFJQ,4PDML395,,ts11_m14a,HostInterface.send,[2025-12-29 17:33:05.005],THREAD-ID=140,MCSMHS_CARRIER_LOCATION_CHANGED_EVENT
,,[ 2025-12-29 17:33:05.014 ] [ WELL ] [ THREAD-ID=491 ] [ kr.co.aim.nanotrans.server.extension.framework.communication.msb.cmessage.interfaceManager.HostInterface.send ] [ < ?xml version="1.0" encoding="UTF-8"? > < Envelop > < Header > < Factory > M14 < /Factory > < Environment > REAL < /Environment > < Sender_Node > MCS < /Sender_Node > < Send_Process > MCS < /Send_Process > < Listen_Process > MHS < /Listen_Process > < Command > MCSMHS_TRANSFER_COMPLETED_EVENT < /Command > < /Header > < Body > < DATA DESTINATION="MHS" ORIGINATION="MCS" TID="MCSMHS_TRANSFER_COMPLETED_EVENT" SEQUENCE_NAME="MCSMHS_TRANSFER_COMPLETED_EVENT" > < MCSMHS_TRANSFER_COMPLETED_EVENT > < TRANSFER_COMPLETED_INFO CARRIER_ID="4PDML395" DEVICE_ID="4AFC3301" SUB_DEVICE_ID="IN58" SOURCE_ID="4ANZ53G1" DETAIL_SOURCE_ID="Partition1" DESTINATION_ID="4AFC3301" DETAIL_DESTINATION_ID="IN58" RESULT_CODE="0" EVENT_TIME="2025/12/29 17:33:05" / > < /MCSMHS_TRANSFER_COMPLETED_EVENT > < /DATA > < /Body > < /Envelop > was sent to M14.REAL.NANOTRANS.MHS.MHS.*. transactionId=MCS2025122917330495704-MtZK. [GTXN:MCS2025122917330495704-MtZK] ],WELL,,'MCS2025122917330495704-MtZK,4PDML395,,ts13_m14a,HostInterface.send,[2025-12-29 17:33:05.014],THREAD-ID=491,MCSMHS_TRANSFER_COMPLETED_EVENT
,VM-COMMON-CARRIERLOCATION,[ 2025-12-29 17:33:05.017 ] [ WELL ] [ THREAD-ID=140 ] [ kr.co.aim.nanotrans.communication.msb.tibrv.marker.TransSender.send ] [ < ?xml version="1.0" encoding="UTF-8"? > < MESSAGE > < HEADER > < MESSAGENAME > VM-COMMON-CARRIERLOCATION < /MESSAGENAME > < TRANSACTIONID / > < CONVERSATIONID / > < TIME > 2025-12-29 17:33:05.015 < /TIME > < /HEADER > < ORIGINATED > < ORIGINATEDTYPE > N < /ORIGINATEDTYPE > < ORIGINATEDNAME / > < MACHINENAME / > < CONNECTIONID / > < USERNAME > NANOTRANS < /USERNAME > < /ORIGINATED > < DATA > < CARRIERID > 4PDML395 < /CARRIERID > < STATE > TRANSFERRING < /STATE > < SOURCEFABNAME > M14 < /SOURCEFABNAME > < SOURCEFLOORNAME > 3F < /SOURCEFLOORNAME > < SOURCEMACHINENAME > 4ANZ53G1 < /SOURCEMACHINENAME > < SOURCEUNITNAME > 4ANZ53G1_Partition1 < /SOURCEUNITNAME > < DESTFABNAME > M16 < /DESTFABNAME > < DESTFLOORNAME > 6F < /DESTFLOORNAME > < DESTMACHINENAME > 4AFC_M16 < /DESTMACHINENAME > < DESTUNITNAME > 4AFC_M16_OUT < /DESTUNITNAME > < CURRENTFLOORNAME > 3F < /CURRENTFLOORNAME > < CURRENTFABNAME > M14 < /CURRENTFABNAME > < CURRENTMACHINENAME > 4AFC3301 < /CURRENTMACHINENAME > < CURRENTUNITNAME > 4AFC3301A_IN58 < /CURRENTUNITNAME > < TRANSPORTJOBID > N4PDML39520251229173110 < /TRANSPORTJOBID > < PRIORITY > 50 < /PRIORITY > < USERNAME > SFAB < /USERNAME > < /DATA > < TAIL / > < /MESSAGE > was sent to M14.REAL.NANOTRANS.SELF.LISTENER. transactionId=MCS2025122917330495604-NFJQ. [GTXN:MCS2025122917330495604-NFJQ] ],WELL,,'MCS2025122917330495604-NFJQ,4PDML395,,ts11_m14a,TransSender.send,[2025-12-29 17:33:05.017],THREAD-ID=140,
,VM-COMMON-CARRIERLOCATION,[ 2025-12-29 17:33:05.018 ] [ WELL ] [ Tibrv Dispatcher ] [ kr.co.aim.nanotrans.communication.msb.tibrv.marker.TransListener.onMsg ] [ < MESSAGE > < HEADER > < MESSAGENAME > VM-COMMON-CARRIERLOCATION < /MESSAGENAME > < TRANSACTIONID > MCS2025122917330501804-oll7 < /TRANSACTIONID > < CONVERSATIONID > 8279f936-9f99-499d-a0c5-3b18a6ed769e < /CONVERSATIONID > < TIME > 2025-12-29 17:33:05.015 < /TIME > < /HEADER > < ORIGINATED > < ORIGINATEDTYPE > N < /ORIGINATEDTYPE > < ORIGINATEDNAME / > < MACHINENAME / > < CONNECTIONID / > < USERNAME > NANOTRANS < /USERNAME > < /ORIGINATED > < DATA > < CARRIERID > 4PDML395 < /CARRIERID > < STATE > TRANSFERRING < /STATE > < SOURCEFABNAME > M14 < /SOURCEFABNAME > < SOURCEFLOORNAME > 3F < /SOURCEFLOORNAME > < SOURCEMACHINENAME > 4ANZ53G1 < /SOURCEMACHINENAME > < SOURCEUNITNAME > 4ANZ53G1_Partition1 < /SOURCEUNITNAME > < DESTFABNAME > M16 < /DESTFABNAME > < DESTFLOORNAME > 6F < /DESTFLOORNAME > < DESTMACHINENAME > 4AFC_M16 < /DESTMACHINENAME > < DESTUNITNAME > 4AFC_M16_OUT < /DESTUNITNAME > < CURRENTFLOORNAME > 3F < /CURRENTFLOORNAME > < CURRENTFABNAME > M14 < /CURRENTFABNAME > < CURRENTMACHINENAME > 4AFC3301 < /CURRENTMACHINENAME > < CURRENTUNITNAME > 4AFC3301A_IN58 < /CURRENTUNITNAME > < TRANSPORTJOBID > N4PDML39520251229173110 < /TRANSPORTJOBID > < PRIORITY > 50 < /PRIORITY > < USERNAME > SFAB < /USERNAME > < /DATA > < TAIL / > < /MESSAGE > . transactionId=MCS2025122917330501804-oll7. [GTXN:MCS2025122917330501804-oll7] ],WELL,,'MCS2025122917330501804-oll7,4PDML395,,ts04_m14a,TransListener.onMsg,[2025-12-29 17:33:05.018],Tibrv Dispatcher,
,VM-FABTRANSPORTLOCATIONCHANGED,[ 2025-12-29 17:33:05.045 ] [ WELL ] [ THREAD-ID=551 ] [ kr.co.aim.nanotrans.communication.msb.tibrv.marker.MsSender.send ] [ < ?xml version="1.0" encoding="UTF-8"? > < MESSAGE > < HEADER > < MESSAGENAME > VM-FABTRANSPORTLOCATIONCHANGED < /MESSAGENAME > < TRANSACTIONID > MCS2025122917330501804-oll7 < /TRANSACTIONID > < CONVERSATIONID > 8279f936-9f99-499d-a0c5-3b18a6ed769e < /CONVERSATIONID > < TIME > 2025-12-29 17:33:05.015 < /TIME > < /HEADER > < ORIGINATED > < ORIGINATEDTYPE > N < /ORIGINATEDTYPE > < ORIGINATEDNAME / > < MACHINENAME > M14-M16B < /MACHINENAME > < CONNECTIONID / > < USERNAME > SFAB < /USERNAME > < /ORIGINATED > < DATA > < CEID > 1 < /CEID > < CARRIERID > 4PDML395 < /CARRIERID > < STATE > TRANSFERRING < /STATE > < LOTID > TE25160 < /LOTID > < TYPE > FOUP < /TYPE > < PROCESSTYPE > FOUP < /PROCESSTYPE > < SOURCEFABNAME > M14 < /SOURCEFABNAME > < SOURCEFLOORNAME > 3F < /SOURCEFLOORNAME > < SOURCEMACHINENAME > 4ANZ53G1 < /SOURCEMACHINENAME > < SOURCEUNITNAME > 4ANZ53G1_Partition1 < /SOURCEUNITNAME > < DESTFABNAME > M16 < /DESTFABNAME > < DESTFLOORNAME > 6F < /DESTFLOORNAME > < DESTMACHINENAME > 4AFC_M16 < /DESTMACHINENAME > < DESTUNITNAME > 4AFC_M16_OUT < /DESTUNITNAME > < CURRENTFABNAME > M14 < /CURRENTFABNAME > < CURRENTFLOORNAME > 3F < /CURRENTFLOORNAME > < CURRENTMACHINENAME > 4AFC3301 < /CURRENTMACHINENAME > < CURRENTUNITNAME > 4AFC3301A_IN58 < /CURRENTUNITNAME > < TRANSPORTJOBID > N4PDML39520251229173110 < /TRANSPORTJOBID > < PRIORITY > 50 < /PRIORITY > < USERNAME > SFAB < /USERNAME > < CMDTYPE / > < /DATA > < TAIL / > < /MESSAGE > was sent to M14.REAL.NANOTRANS.EM.MS01_VM_P. transactionId=MCS2025122917330501804-oll7. [GTXN:MCS2025122917330501804-oll7] ],WELL,M14-M16B,'MCS2025122917330501804-oll7,4PDML395,,ts04_m14a,MsSender.send,[2025-12-29 17:33:05.045],THREAD-ID=551,
,VM-TRANSPORTJOBLOCATIONCHANGED,[ 2025-12-29 17:33:05.049 ] [ WELL ] [ Tibrv Dispatcher ] [ kr.co.aim.nanotrans.communication.msb.tibrv.marker.EsListener.onMsg ] [ < MESSAGE > < HEADER > < MESSAGENAME > VM-TRANSPORTJOBLOCATIONCHANGED < /MESSAGENAME > < TRANSACTIONID > MCS2025122917330504904-XUXw < /TRANSACTIONID > < CONVERSATIONID > 935eba90-0ce1-4aa7-a99a-b7b402cf4513 < /CONVERSATIONID > < TIME > 2025-12-29 17:33:05.048 < /TIME > < /HEADER > < ORIGINATED > < ORIGINATEDTYPE > M < /ORIGINATEDTYPE > < ORIGINATEDNAME / > < MACHINENAME > M14-M16B < /MACHINENAME > < CONNECTIONID > M14-M16B < /CONNECTIONID > < USERNAME / > < /ORIGINATED > < DATA > < LIST > < CEID > 1 < /CEID > < LIST > < CARRIERID > 4PDML395 < /CARRIERID > < STATE > TRANSFERRING < /STATE > < LOTID > TE25160 < /LOTID > < TYPE > FOUP < /TYPE > < PROCESSTYPE > FOUP < /PROCESSTYPE > < SOURCEFABNAME > M14 < /SOURCEFABNAME > < SOURCEFLOORNAME > 3F < /SOURCEFLOORNAME > < SOURCEMACHINENAME > 4ANZ53G1 < /SOURCEMACHINENAME > < SOURCEUNITNAME > 4ANZ53G1_Partition1 < /SOURCEUNITNAME > < DESTFABNAME > M16 < /DESTFABNAME > < DESTFLOORNAME > 6F < /DESTFLOORNAME > < DESTMACHINENAME > 4AFC_M16 < /DESTMACHINENAME > < DESTUNITNAME > 4AFC_M16_OUT < /DESTUNITNAME > < CURRENTFABNAME > M14 < /CURRENTFABNAME > < CURRENTFLOORNAME > 3F < /CURRENTFLOORNAME > < CURRENTMACHINENAME > 4AFC3301 < /CURRENTMACHINENAME > < CURRENTUNITNAME > 4AFC3301A_IN58 < /CURRENTUNITNAME > < TRANSPORTJOBID > N4PDML39520251229173110 < /TRANSPORTJOBID > < PRIORITY > 50 < /PRIORITY > < USERNAME > SFAB < /USERNAME > < CMDTYPE / > < /LIST > < /LIST > < /DATA > < TAIL > < SECSII > < ![CDATA[RECV S11F69:FabTransportJobInfo [D=1] [len=208] [SB=38286602] < L.2 < U2.1 [CEID] '1' > < L.21 < A.8 [CARRIERID] '4PDML395' > < A.12 [STATE] 'TRANSFERRING' > < A.7 [LOTID] 'TE25160' > < A.4 [TYPE] 'FOUP' > < A.4 [PROCESSTYPE] 'FOUP' > < A.3 [SOURCEFABNAME] 'M14' > < A.2 [SOURCEFLOORNAME] '3F' > < A.8 [SOURCEMACHINENAME] '4ANZ53G1' > < A.19 [SOURCEUNITNAME] '4ANZ53G1_Partition1' > < A.3 [DESTFABNAME] 'M16' > < A.2 [DESTFLOORNAME] '6F' > < A.8 [DESTMACHINENAME] '4AFC_M16' > < A.12 [DESTUNITNAME] '4AFC_M16_OUT' > < A.3 [CURRENTFABNAME] 'M14' > < A.2 [CURRENTFLOORNAME] '3F' > < A.8 [CURRENTMACHINENAME] '4AFC3301' > < A.14 [CURRENTUNITNAME] '4AFC3301A_IN58' > < A.23 [TRANSPORTJOBID] 'N4PDML39520251229173110' > < A.2 [PRIORITY] '50' > < A.4 [USERNAME] 'SFAB' > < A.0 [CMDTYPE] '' > > > .]] > < /SECSII > < /TAIL > < /MESSAGE > . transactionId=MCS2025122917330504904-XUXw. [GTXN:MCS2025122917330504904-XUXw] ],WELL,M14-M16B,'MCS2025122917330504904-XUXw,4PDML395,,ts02_m16b,EsListener.onMsg,[2025-12-29 17:33:05.049],Tibrv Dispatcher,
,VM-FABTRANSPORTLOCATIONCHANGED,[ 2025-12-29 17:33:05.050 ] [ WELL ] [ THREAD-ID=551 ] [ kr.co.aim.nanotrans.communication.msb.tibrv.marker.MsSender.send ] [ < ?xml version="1.0" encoding="UTF-8"? > < MESSAGE > < HEADER > < MESSAGENAME > VM-FABTRANSPORTLOCATIONCHANGED < /MESSAGENAME > < TRANSACTIONID > MCS2025122917330501804-oll7 < /TRANSACTIONID > < CONVERSATIONID > 8279f936-9f99-499d-a0c5-3b18a6ed769e < /CONVERSATIONID > < TIME > 2025-12-29 17:33:05.015 < /TIME > < /HEADER > < ORIGINATED > < ORIGINATEDTYPE > N < /ORIGINATEDTYPE > < ORIGINATEDNAME / > < MACHINENAME > M14-M16 < /MACHINENAME > < CONNECTIONID / > < USERNAME > SFAB < /USERNAME > < /ORIGINATED > < DATA > < CEID > 1 < /CEID > < CARRIERID > 4PDML395 < /CARRIERID > < STATE > TRANSFERRING < /STATE > < LOTID > TE25160 < /LOTID > < TYPE > FOUP < /TYPE > < PROCESSTYPE > FOUP < /PROCESSTYPE > < SOURCEFABNAME > M14 < /SOURCEFABNAME > < SOURCEFLOORNAME > 3F < /SOURCEFLOORNAME > < SOURCEMACHINENAME > 4ANZ53G1 < /SOURCEMACHINENAME > < SOURCEUNITNAME > 4ANZ53G1_Partition1 < /SOURCEUNITNAME > < DESTFABNAME > M16 < /DESTFABNAME > < DESTFLOORNAME > 6F < /DESTFLOORNAME > < DESTMACHINENAME > 4AFC_M16 < /DESTMACHINENAME > < DESTUNITNAME > 4AFC_M16_OUT < /DESTUNITNAME > < CURRENTFABNAME > M14 < /CURRENTFABNAME > < CURRENTFLOORNAME > 3F < /CURRENTFLOORNAME > < CURRENTMACHINENAME > 4AFC3301 < /CURRENTMACHINENAME > < CURRENTUNITNAME > 4AFC3301A_IN58 < /CURRENTUNITNAME > < TRANSPORTJOBID > N4PDML39520251229173110 < /TRANSPORTJOBID > < PRIORITY > 50 < /PRIORITY > < USERNAME > SFAB < /USERNAME > < CMDTYPE / > < /DATA > < TAIL / > < /MESSAGE > was sent to M14.REAL.NANOTRANS.EM.MS01_VM_P. transactionId=MCS2025122917330501804-oll7. [GTXN:MCS2025122917330501804-oll7] ],WELL,M14-M16,'MCS2025122917330501804-oll7,4PDML395,,ts04_m14a,MsSender.send,[2025-12-29 17:33:05.050],THREAD-ID=551,
,VM-FABTRANSPORTLOCATIONCHANGED,[ 2025-12-29 17:33:05.054 ] [ WELL ] [ THREAD-ID=551 ] [ kr.co.aim.nanotrans.communication.msb.tibrv.marker.MsSender.send ] [ < ?xml version="1.0" encoding="UTF-8"? > < MESSAGE > < HEADER > < MESSAGENAME > VM-FABTRANSPORTLOCATIONCHANGED < /MESSAGENAME > < TRANSACTIONID > MCS2025122917330501804-oll7 < /TRANSACTIONID > < CONVERSATIONID > 8279f936-9f99-499d-a0c5-3b18a6ed769e < /CONVERSATIONID > < TIME > 2025-12-29 17:33:05.015 < /TIME > < /HEADER > < ORIGINATED > < ORIGINATEDTYPE > N < /ORIGINATEDTYPE > < ORIGINATEDNAME / > < MACHINENAME > M14-M14B < /MACHINENAME > < CONNECTIONID / > < USERNAME > SFAB < /USERNAME > < /ORIGINATED > < DATA > < CEID > 1 < /CEID > < CARRIERID > 4PDML395 < /CARRIERID > < STATE > TRANSFERRING < /STATE > < LOTID > TE25160 < /LOTID > < TYPE > FOUP < /TYPE > < PROCESSTYPE > FOUP < /PROCESSTYPE > < SOURCEFABNAME > M14 < /SOURCEFABNAME > < SOURCEFLOORNAME > 3F < /SOURCEFLOORNAME > < SOURCEMACHINENAME > 4ANZ53G1 < /SOURCEMACHINENAME > < SOURCEUNITNAME > 4ANZ53G1_Partition1 < /SOURCEUNITNAME > < DESTFABNAME > M16 < /DESTFABNAME > < DESTFLOORNAME > 6F < /DESTFLOORNAME > < DESTMACHINENAME > 4AFC_M16 < /DESTMACHINENAME > < DESTUNITNAME > 4AFC_M16_OUT < /DESTUNITNAME > < CURRENTFABNAME > M14 < /CURRENTFABNAME > < CURRENTFLOORNAME > 3F < /CURRENTFLOORNAME > < CURRENTMACHINENAME > 4AFC3301 < /CURRENTMACHINENAME > < CURRENTUNITNAME > 4AFC3301A_IN58 < /CURRENTUNITNAME > < TRANSPORTJOBID > N4PDML39520251229173110 < /TRANSPORTJOBID > < PRIORITY > 50 < /PRIORITY > < USERNAME > SFAB < /USERNAME > < CMDTYPE / > < /DATA > < TAIL / > < /MESSAGE > was sent to M14.REAL.NANOTRANS.EM.MS01_VM_P. transactionId=MCS2025122917330501804-oll7. [GTXN:MCS2025122917330501804-oll7] ],WELL,M14-M14B,'MCS2025122917330501804-oll7,4PDML395,,ts04_m14a,MsSender.send,[2025-12-29 17:33:05.054],THREAD-ID=551,
,VM-TRANSPORTJOBLOCATIONCHANGED,[ 2025-12-29 17:33:05.055 ] [ WELL ] [ Tibrv Dispatcher ] [ kr.co.aim.nanotrans.communication.msb.tibrv.marker.EsListener.onMsg ] [ < MESSAGE > < HEADER > < MESSAGENAME > VM-TRANSPORTJOBLOCATIONCHANGED < /MESSAGENAME > < TRANSACTIONID > MCS2025122917330505504-ajQj < /TRANSACTIONID > < CONVERSATIONID > ee146e6a-717b-4441-81d8-e9282adf101a < /CONVERSATIONID > < TIME > 2025-12-29 17:33:05.052 < /TIME > < /HEADER > < ORIGINATED > < ORIGINATEDTYPE > M < /ORIGINATEDTYPE > < ORIGINATEDNAME / > < MACHINENAME > M14-M16 < /MACHINENAME > < CONNECTIONID > M14-M16 < /CONNECTIONID > < USERNAME / > < /ORIGINATED > < DATA > < LIST > < CEID > 1 < /CEID > < LIST > < CARRIERID > 4PDML395 < /CARRIERID > < STATE > TRANSFERRING < /STATE > < LOTID > TE25160 < /LOTID > < TYPE > FOUP < /TYPE > < PROCESSTYPE > FOUP < /PROCESSTYPE > < SOURCEFABNAME > M14 < /SOURCEFABNAME > < SOURCEFLOORNAME > 3F < /SOURCEFLOORNAME > < SOURCEMACHINENAME > 4ANZ53G1 < /SOURCEMACHINENAME > < SOURCEUNITNAME > 4ANZ53G1_Partition1 < /SOURCEUNITNAME > < DESTFABNAME > M16 < /DESTFABNAME > < DESTFLOORNAME > 6F < /DESTFLOORNAME > < DESTMACHINENAME > 4AFC_M16 < /DESTMACHINENAME > < DESTUNITNAME > 4AFC_M16_OUT < /DESTUNITNAME > < CURRENTFABNAME > M14 < /CURRENTFABNAME > < CURRENTFLOORNAME > 3F < /CURRENTFLOORNAME > < CURRENTMACHINENAME > 4AFC3301 < /CURRENTMACHINENAME > < CURRENTUNITNAME > 4AFC3301A_IN58 < /CURRENTUNITNAME > < TRANSPORTJOBID > N4PDML39520251229173110 < /TRANSPORTJOBID > < PRIORITY > 50 < /PRIORITY > < USERNAME > SFAB < /USERNAME > < CMDTYPE / > < /LIST > < /LIST > < /DATA > < TAIL > < SECSII > < ![CDATA[RECV S11F69:FabTransportJobInfo [D=1] [len=208] [SB=50736015] < L.2 < U2.1 [CEID] '1' > < L.21 < A.8 [CARRIERID] '4PDML395' > < A.12 [STATE] 'TRANSFERRING' > < A.7 [LOTID] 'TE25160' > < A.4 [TYPE] 'FOUP' > < A.4 [PROCESSTYPE] 'FOUP' > < A.3 [SOURCEFABNAME] 'M14' > < A.2 [SOURCEFLOORNAME] '3F' > < A.8 [SOURCEMACHINENAME] '4ANZ53G1' > < A.19 [SOURCEUNITNAME] '4ANZ53G1_Partition1' > < A.3 [DESTFABNAME] 'M16' > < A.2 [DESTFLOORNAME] '6F' > < A.8 [DESTMACHINENAME] '4AFC_M16' > < A.12 [DESTUNITNAME] '4AFC_M16_OUT' > < A.3 [CURRENTFABNAME] 'M14' > < A.2 [CURRENTFLOORNAME] '3F' > < A.8 [CURRENTMACHINENAME] '4AFC3301' > < A.14 [CURRENTUNITNAME] '4AFC3301A_IN58' > < A.23 [TRANSPORTJOBID] 'N4PDML39520251229173110' > < A.2 [PRIORITY] '50' > < A.4 [USERNAME] 'SFAB' > < A.0 [CMDTYPE] '' > > > .]] > < /SECSII > < /TAIL > < /MESSAGE > . transactionId=MCS2025122917330505504-ajQj. [GTXN:MCS2025122917330505504-ajQj] ],WELL,M14-M16,'MCS2025122917330505504-ajQj,4PDML395,,ts14_m16a,EsListener.onMsg,[2025-12-29 17:33:05.055],Tibrv Dispatcher,
,VM-TRANSPORTJOBLOCATIONCHANGED,[2025-12-29 17:33:05.058] [ WELL] [ Tibrv Dispatcher] [kr.co.aim.nanotrans.communication.msb.tibrv.marker.EsListener.onMsg] - [ < MESSAGE > < HEADER > < MESSAGENAME > VM-TRANSPORTJOBLOCATIONCHANGED < /MESSAGENAME > < TRANSACTIONID > MCS2025122917330505804-CShX < /TRANSACTIONID > < CONVERSATIONID > cf72941a-4424-4b5e-961d-9fe930eacc27 < /CONVERSATIONID > < TIME > 2025-12-29 17:33:05.056 < /TIME > < /HEADER > < ORIGINATED > < ORIGINATEDTYPE > M < /ORIGINATEDTYPE > < ORIGINATEDNAME / > < MACHINENAME > M14-M14B < /MACHINENAME > < CONNECTIONID > M14-M14B < /CONNECTIONID > < USERNAME / > < /ORIGINATED > < DATA > < LIST > < CEID > 1 < /CEID > < LIST > < CARRIERID > 4PDML395 < /CARRIERID > < STATE > TRANSFERRING < /STATE > < LOTID > TE25160 < /LOTID > < TYPE > FOUP < /TYPE > < PROCESSTYPE > FOUP < /PROCESSTYPE > < SOURCEFABNAME > M14 < /SOURCEFABNAME > < SOURCEFLOORNAME > 3F < /SOURCEFLOORNAME > < SOURCEMACHINENAME > 4ANZ53G1 < /SOURCEMACHINENAME > < SOURCEUNITNAME > 4ANZ53G1_Partition1 < /SOURCEUNITNAME > < DESTFABNAME > M16 < /DESTFABNAME > < DESTFLOORNAME > 6F < /DESTFLOORNAME > < DESTMACHINENAME > 4AFC_M16 < /DESTMACHINENAME > < DESTUNITNAME > 4AFC_M16_OUT < /DESTUNITNAME > < CURRENTFABNAME > M14 < /CURRENTFABNAME > < CURRENTFLOORNAME > 3F < /CURRENTFLOORNAME > < CURRENTMACHINENAME > 4AFC3301 < /CURRENTMACHINENAME > < CURRENTUNITNAME > 4AFC3301A_IN58 < /CURRENTUNITNAME > < TRANSPORTJOBID > N4PDML39520251229173110 < /TRANSPORTJOBID > < PRIORITY > 50 < /PRIORITY > < USERNAME > SFAB < /USERNAME > < CMDTYPE / > < /LIST > < /LIST > < /DATA > < TAIL > < SECSII > < ![CDATA[RECV S11F69:FabTransportJobInfo [D=1] [len=208] [SB=38286602] < L.2 < U2.1 [CEID] '1' > < L.21 < A.8 [CARRIERID] '4PDML395' > < A.12 [STATE] 'TRANSFERRING' > < A.7 [LOTID] 'TE25160' > < A.4 [TYPE] 'FOUP' > < A.4 [PROCESSTYPE] 'FOUP' > < A.3 [SOURCEFABNAME] 'M14' > < A.2 [SOURCEFLOORNAME] '3F' > < A.8 [SOURCEMACHINENAME] '4ANZ53G1' > < A.19 [SOURCEUNITNAME] '4ANZ53G1_Partition1' > < A.3 [DESTFABNAME] 'M16' > < A.2 [DESTFLOORNAME] '6F' > < A.8 [DESTMACHINENAME] '4AFC_M16' > < A.12 [DESTUNITNAME] '4AFC_M16_OUT' > < A.3 [CURRENTFABNAME] 'M14' > < A.2 [CURRENTFLOORNAME] '3F' > < A.8 [CURRENTMACHINENAME] '4AFC3301' > < A.14 [CURRENTUNITNAME] '4AFC3301A_IN58' > < A.23 [TRANSPORTJOBID] 'N4PDML39520251229173110' > < A.2 [PRIORITY] '50' > < A.4 [USERNAME] 'SFAB' > < A.0 [CMDTYPE] '' > > > .]] > < /SECSII > < /TAIL > < /MESSAGE > . transactionId=MCS2025122917330505804-CShX. [GTXN:MCS2025122917330505804-CShX]. messageName=VM-TRANSPORTJOBLOCATIONCHANGED. communicationMessageName=VM-TRANSPORTJOBLOCATIONCHANGED. transportCommandId=. carrierName=4PDML395. machineName=M14-M14B. unitName=],WELL,M14-M14B,'MCS2025122917330505804-CShX,4PDML395,,ts11_m14b,EsListener.onMsg,[2025-12-29 17:33:05.058],Tibrv Dispatcher,
