COMMANDID,MESSAGENAME,TEXT,LEVEL,MACHINENAME,TRANSACTIONID,CARRIER,UNITNAME,PROCESS,OPERATION_NAME,TIME_EX,THREAD,COMMAND
N4PDML39520251229174042,RAIL-CARRIERTRANSFER,[ 2025-12-29 17:46:04.619 ] [ WELL ] [ THREAD-ID=520 ] [ kr.co.aim.nanotrans.communication.msb.tibrv.marker.EsSender.send ] [ < ?xml version="1.0" encoding="UTF-8"? > < MESSAGE > < HEADER > < MESSAGENAME > RAIL-CARRIERTRANSFER < /MESSAGENAME > < TRANSACTIONID / > < CONVERSATIONID / > < TIME > 2025-12-29 17:46:04.616 < /TIME > < /HEADER > < ORIGINATED > < ORIGINATEDTYPE > N < /ORIGINATEDTYPE > < ORIGINATEDNAME / > < MACHINENAME > 6ACM3901 < /MACHINENAME > < CONNECTIONID / > < USERNAME > NANOTRANS < /USERNAME > < /ORIGINATED > < DATA > < COMMANDID > N4PDML39520251229174042 < /COMMANDID > < CARRIERID > 4PDML395 < /CARRIERID > < CARRIERLOC / > < CARRIERZONENAME / > < SOURCEUNIT > 6ABL6022_AI623 < /SOURCEUNIT > < SOURCECONTAINER / > < SOURCESLOT / > < DESTUNIT > 6ANZ6122-214 < /DESTUNIT > < DESTCONTAINER / > < DESTSLOT / > < RESULTCODE / > < PRIORITY > 80 < /PRIORITY > < LOTID > TE25160 < /LOTID > < CARRIERTYPE > FOUP < /CARRIERTYPE > < STEPID > J3050000C < /STEPID > < OPER_DESC / > < WF_QTY / > < NEXTTOUNIT / > < /DATA > < TAIL / > < /MESSAGE > was sent to M16.REAL.NANOTRANS.MCSEIF.EI01_M16A_OHT_P. transactionId=MCS2025122917460440404-9dcj. [GTXN:MCS2025122917460440404-9dcj] ],WELL,6ACM3901,'MCS2025122917460440404-9dcj,4PDML395,,ts13_m16a,EsSender.send,[2025-12-29 17:46:04.619],THREAD-ID=520,
N4PDML39520251229174042,RAIL-CARRIERTRANSFER,[ 2025-12-29 17:46:04.622 ] [ WELL ] [ THREAD-ID=520 ] [ kr.co.aim.nanotrans.communication.msb.tibrv.marker.EsSender.send ] [ < ?xml version="1.0" encoding="UTF-8"? > < MESSAGE > < HEADER > < MESSAGENAME > RAIL-CARRIERTRANSFER < /MESSAGENAME > < TRANSACTIONID / > < CONVERSATIONID / > < TIME > 2025-12-29 17:46:04.616 < /TIME > < /HEADER > < ORIGINATED > < ORIGINATEDTYPE > N < /ORIGINATEDTYPE > < ORIGINATEDNAME / > < MACHINENAME > 6ACM3901 < /MACHINENAME > < CONNECTIONID / > < USERNAME > NANOTRANS < /USERNAME > < /ORIGINATED > < DATA > < COMMANDID > N4PDML39520251229174042 < /COMMANDID > < CARRIERID > 4PDML395 < /CARRIERID > < CARRIERLOC / > < CARRIERZONENAME / > < SOURCEUNIT > 6ABL6022_AI623 < /SOURCEUNIT > < SOURCECONTAINER / > < SOURCESLOT / > < DESTUNIT > 6ANZ6122-214 < /DESTUNIT > < DESTCONTAINER / > < DESTSLOT / > < RESULTCODE / > < PRIORITY > 80 < /PRIORITY > < LOTID > TE25160 < /LOTID > < CARRIERTYPE > FOUP < /CARRIERTYPE > < STEPID > J3050000C < /STEPID > < OPER_DESC / > < WF_QTY / > < NEXTTOUNIT / > < /DATA > < TAIL / > < /MESSAGE > was sent to M16.REAL.NANOTRANS.MCSEIF.EI01_M16A_OHT_S. transactionId=MCS2025122917460440404-9dcj. [GTXN:MCS2025122917460440404-9dcj] ],WELL,6ACM3901,'MCS2025122917460440404-9dcj,4PDML395,,ts13_m16a,EsSender.send,[2025-12-29 17:46:04.622],THREAD-ID=520,
N4PDML39520251229174042,RAIL-CARRIERTRANSFERREPLY,[ 2025-12-29 17:46:04.688 ] [ WELL ] [ Tibrv Dispatcher ] [ kr.co.aim.nanotrans.communication.msb.tibrv.marker.EsListener.onMsg ] [ < MESSAGE > < HEADER > < MESSAGENAME > RAIL-CARRIERTRANSFERREPLY < /MESSAGENAME > < TRANSACTIONID > MCS2025122917460468704-brbv < /TRANSACTIONID > < CONVERSATIONID > d8bce73a-86aa-4a61-9d4f-1eb843e03ddb < /CONVERSATIONID > < TIME > 2025-12-29 17:46:04.684 < /TIME > < /HEADER > < ORIGINATED > < ORIGINATEDTYPE > M < /ORIGINATEDTYPE > < ORIGINATEDNAME / > < MACHINENAME > 6ACM3901 < /MACHINENAME > < CONNECTIONID > 6ACM3901 < /CONNECTIONID > < USERNAME / > < /ORIGINATED > < DATA > < DESTUNIT > 6ANZ6122-214 < /DESTUNIT > < CARRIERID > 4PDML395 < /CARRIERID > < COMMANDID > N4PDML39520251229174042 < /COMMANDID > < STEPID > J3050000C < /STEPID > < SOURCEUNIT > 6ABL6022_AI623 < /SOURCEUNIT > < LOTID > TE25160 < /LOTID > < CARRIERTYPE > FOUP < /CARRIERTYPE > < LIST > < HCACK > 4 < /HCACK > < CPCOUNT / > < /LIST > < RESULTCODE > 4 < /RESULTCODE > < /DATA > < TAIL > < SECSII > < ![CDATA[RECV S2F50:EnhancedHostCommandAcknowledgeNew1 [D=6] [len=17] [SB=108832196] < L.2 < B.1 [HCACK] '4' > < L.0 [CPCOUNT] > > .]] > < /SECSII > < /TAIL > < /MESSAGE > . transactionId=MCS2025122917460468704-brbv. [GTXN:MCS2025122917460468704-brbv] ],WELL,6ACM3901,'MCS2025122917460468704-brbv,4PDML395,,ts13_m16a,EsListener.onMsg,[2025-12-29 17:46:04.688],Tibrv Dispatcher,
N4PDML39520251229174042,RAIL-TRANSFERINITIATED,[ 2025-12-29 17:46:05.838 ] [ WELL ] [ Tibrv Dispatcher ] [ kr.co.aim.nanotrans.communication.msb.tibrv.marker.EsListener.onMsg ] [ < MESSAGE > < HEADER > < MESSAGENAME > RAIL-TRANSFERINITIATED < /MESSAGENAME > < TRANSACTIONID > MCS2025122917460583804-3eWL < /TRANSACTIONID > < CONVERSATIONID > d940d083-6fac-4402-a2a4-bb569fb32ed7 < /CONVERSATIONID > < TIME > 2025-12-29 17:46:05.836 < /TIME > < /HEADER > < ORIGINATED > < ORIGINATEDTYPE > M < /ORIGINATEDTYPE > < ORIGINATEDNAME / > < MACHINENAME > 6ACM3901 < /MACHINENAME > < CONNECTIONID > 6ACM3901 < /CONNECTIONID > < USERNAME / > < /ORIGINATED > < DATA > < LIST > < DATAID > 0 < /DATAID > < CEID > 108 < /CEID > < RPTIDCOUNT > < LIST > < RPTID > 3 < /RPTID > < VCOUNT > < COMMANDID > N4PDML39520251229174042 < /COMMANDID > < /VCOUNT > < /LIST > < /RPTIDCOUNT > < /LIST > < /DATA > < TAIL > < SECSII > < ![CDATA[RECV S6F11:TransferCommandStateEventReportSend W [D=6] [len=57] [SB=430083043] < L.3 < U4.1 [DATAID] '0' > < U2.1 [CEID] '108' > < L.1 [RPTIDCOUNT] < L.2 < U2.1 [RPTID] '3' > < L.1 [VCOUNT] < A.23 [COMMANDID] 'N4PDML39520251229174042' > > > > > .]] > < /SECSII > < /TAIL > < /MESSAGE > . transactionId=MCS2025122917460583804-3eWL. [GTXN:MCS2025122917460583804-3eWL] ],WELL,6ACM3901,'MCS2025122917460583804-3eWL,,,ts14_m16a,EsListener.onMsg,[2025-12-29 17:46:05.838],Tibrv Dispatcher,
N4PDML39520251229174042,RAIL-VEHICLEASSIGNED,[ 2025-12-29 17:46:05.841 ] [ WELL ] [ Tibrv Dispatcher ] [ kr.co.aim.nanotrans.communication.msb.tibrv.marker.EsListener.onMsg ] [ < MESSAGE > < HEADER > < MESSAGENAME > RAIL-VEHICLEASSIGNED < /MESSAGENAME > < TRANSACTIONID > MCS2025122917460584104-b0Sz < /TRANSACTIONID > < CONVERSATIONID > 7a7e3f2c-995e-49c2-a441-107e3bf6589f < /CONVERSATIONID > < TIME > 2025-12-29 17:46:05.837 < /TIME > < /HEADER > < ORIGINATED > < ORIGINATEDTYPE > M < /ORIGINATEDTYPE > < ORIGINATEDNAME / > < MACHINENAME > 6ACM3901 < /MACHINENAME > < CONNECTIONID > 6ACM3901 < /CONNECTIONID > < USERNAME / > < /ORIGINATED > < DATA > < LIST > < DATAID > 0 < /DATAID > < CEID > 204 < /CEID > < RPTIDCOUNT > < LIST > < RPTID > 6 < /RPTID > < VCOUNT > < VEHICLEID > V00772 < /VEHICLEID > < COMMANDID > N4PDML39520251229174042 < /COMMANDID > < /VCOUNT > < /LIST > < /RPTIDCOUNT > < /LIST > < /DATA > < TAIL > < SECSII > < ![CDATA[RECV S6F11:VehicleAssignedEventReportSend W [D=6] [len=65] [SB=430083044] < L.3 < U4.1 [DATAID] '0' > < U2.1 [CEID] '204' > < L.1 [RPTIDCOUNT] < L.2 < U2.1 [RPTID] '6' > < L.2 [VCOUNT] < A.6 [VEHICLEID] 'V00772' > < A.23 [COMMANDID] 'N4PDML39520251229174042' > > > > > .]] > < /SECSII > < /TAIL > < /MESSAGE > . transactionId=MCS2025122917460584104-b0Sz. [GTXN:MCS2025122917460584104-b0Sz] ],WELL,6ACM3901,'MCS2025122917460584104-b0Sz,,,ts04_m16a,EsListener.onMsg,[2025-12-29 17:46:05.841],Tibrv Dispatcher,
N4PDML39520251229174042,RAIL-TRANSFERRING,[ 2025-12-29 17:46:17.248 ] [ WELL ] [ Tibrv Dispatcher ] [ kr.co.aim.nanotrans.communication.msb.tibrv.marker.EsListener.onMsg ] [ < MESSAGE > < HEADER > < MESSAGENAME > RAIL-TRANSFERRING < /MESSAGENAME > < TRANSACTIONID > MCS2025122917461724804-pKrr < /TRANSACTIONID > < CONVERSATIONID > 63fc4e7b-ab45-4fc4-9dd4-ed672190d1ed < /CONVERSATIONID > < TIME > 2025-12-29 17:46:17.245 < /TIME > < /HEADER > < ORIGINATED > < ORIGINATEDTYPE > M < /ORIGINATEDTYPE > < ORIGINATEDNAME / > < MACHINENAME > 6ACM3901 < /MACHINENAME > < CONNECTIONID > 6ACM3901 < /CONNECTIONID > < USERNAME / > < /ORIGINATED > < DATA > < LIST > < DATAID > 0 < /DATAID > < CEID > 111 < /CEID > < RPTIDCOUNT > < LIST > < RPTID > 3 < /RPTID > < VCOUNT > < COMMANDID > N4PDML39520251229174042 < /COMMANDID > < /VCOUNT > < /LIST > < /RPTIDCOUNT > < /LIST > < /DATA > < TAIL > < SECSII > < ![CDATA[RECV S6F11:TransferCommandStateEventReportSend W [D=6] [len=57] [SB=430083793] < L.3 < U4.1 [DATAID] '0' > < U2.1 [CEID] '111' > < L.1 [RPTIDCOUNT] < L.2 < U2.1 [RPTID] '3' > < L.1 [VCOUNT] < A.23 [COMMANDID] 'N4PDML39520251229174042' > > > > > .]] > < /SECSII > < /TAIL > < /MESSAGE > . transactionId=MCS2025122917461724804-pKrr. [GTXN:MCS2025122917461724804-pKrr] ],WELL,6ACM3901,'MCS2025122917461724804-pKrr,,,ts13_m16a,EsListener.onMsg,[2025-12-29 17:46:17.248],Tibrv Dispatcher,
,RAIL-VEHICLEACQUIRESTARTED,[ 2025-12-29 17:46:17.637 ] [ WELL ] [ Tibrv Dispatcher ] [ kr.co.aim.nanotrans.communication.msb.tibrv.marker.EsListener.onMsg ] [ < MESSAGE > < HEADER > < MESSAGENAME > RAIL-VEHICLEACQUIRESTARTED < /MESSAGENAME > < TRANSACTIONID > MCS2025122917461763704-N6Tp < /TRANSACTIONID > < CONVERSATIONID > 42c4261e-c0c4-40dd-a28b-821461335393 < /CONVERSATIONID > < TIME > 2025-12-29 17:46:17.633 < /TIME > < /HEADER > < ORIGINATED > < ORIGINATEDTYPE > M < /ORIGINATEDTYPE > < ORIGINATEDNAME / > < MACHINENAME > 6ACM3901 < /MACHINENAME > < CONNECTIONID > 6ACM3901 < /CONNECTIONID > < USERNAME / > < /ORIGINATED > < DATA > < LIST > < DATAID > 0 < /DATAID > < CEID > 202 < /CEID > < RPTIDCOUNT > < LIST > < RPTID > 7 < /RPTID > < VCOUNT > < VEHICLEID > V00772 < /VEHICLEID > < CARRIERID > 4PDML395 < /CARRIERID > < TRANSFERPORT > 6ABL6022_AI623 < /TRANSFERPORT > < /VCOUNT > < /LIST > < /RPTIDCOUNT > < /LIST > < /DATA > < TAIL > < SECSII > < ![CDATA[RECV S6F11:VehicleAquireDepositEventReportSend W [D=6] [len=66] [SB=430083814] < L.3 < U4.1 [DATAID] '0' > < U2.1 [CEID] '202' > < L.1 [RPTIDCOUNT] < L.2 < U2.1 [RPTID] '7' > < L.3 [VCOUNT] < A.6 [VEHICLEID] 'V00772' > < A.8 [CARRIERID] '4PDML395' > < A.14 [TRANSFERPORT] '6ABL6022_AI623' > > > > > .]] > < /SECSII > < /TAIL > < /MESSAGE > . transactionId=MCS2025122917461763704-N6Tp. [GTXN:MCS2025122917461763704-N6Tp] ],WELL,6ACM3901,'MCS2025122917461763704-N6Tp,4PDML395,,ts13_m16a,EsListener.onMsg,[2025-12-29 17:46:17.637],Tibrv Dispatcher,
N4PDML39520251229174042,RAIL-CARRIERINSTALLED,[ 2025-12-29 17:46:25.537 ] [ WELL ] [ Tibrv Dispatcher ] [ kr.co.aim.nanotrans.communication.msb.tibrv.marker.EsListener.onMsg ] [ < MESSAGE > < HEADER > < MESSAGENAME > RAIL-CARRIERINSTALLED < /MESSAGENAME > < TRANSACTIONID > MCS2025122917462553704-V2kY < /TRANSACTIONID > < CONVERSATIONID > a3c25936-3650-4379-b716-a6e084222180 < /CONVERSATIONID > < TIME > 2025-12-29 17:46:25.534 < /TIME > < /HEADER > < ORIGINATED > < ORIGINATEDTYPE > M < /ORIGINATEDTYPE > < ORIGINATEDNAME / > < MACHINENAME > 6ACM3901 < /MACHINENAME > < CONNECTIONID > 6ACM3901 < /CONNECTIONID > < USERNAME / > < /ORIGINATED > < DATA > < LIST > < DATAID > 0 < /DATAID > < CEID > 151 < /CEID > < RPTIDCOUNT > < LIST > < RPTID > 8 < /RPTID > < VCOUNT > < VEHICLEID > V00772 < /VEHICLEID > < CARRIERID > 4PDML395 < /CARRIERID > < CARRIERLOC > V00772 < /CARRIERLOC > < COMMANDID > N4PDML39520251229174042 < /COMMANDID > < /VCOUNT > < /LIST > < /RPTIDCOUNT > < /LIST > < /DATA > < TAIL > < SECSII > < ![CDATA[RECV S6F11:CarrierInstallRemoveEventReportSend W [D=6] [len=83] [SB=430084303] < L.3 < U4.1 [DATAID] '0' > < U2.1 [CEID] '151' > < L.1 [RPTIDCOUNT] < L.2 < U2.1 [RPTID] '8' > < L.4 [VCOUNT] < A.6 [VEHICLEID] 'V00772' > < A.8 [CARRIERID] '4PDML395' > < A.6 [CARRIERLOC] 'V00772' > < A.23 [COMMANDID] 'N4PDML39520251229174042' > > > > > .]] > < /SECSII > < /TAIL > < /MESSAGE > . transactionId=MCS2025122917462553704-V2kY. [GTXN:MCS2025122917462553704-V2kY] ],WELL,6ACM3901,'MCS2025122917462553704-V2kY,4PDML395,,ts03_m16a,EsListener.onMsg,[2025-12-29 17:46:25.537],Tibrv Dispatcher,
,RAIL-VEHICLEACQUIRECOMPLETED,[ 2025-12-29 17:46:25.538 ] [ WELL ] [ Tibrv Dispatcher ] [ kr.co.aim.nanotrans.communication.msb.tibrv.marker.EsListener.onMsg ] [ < MESSAGE > < HEADER > < MESSAGENAME > RAIL-VEHICLEACQUIRECOMPLETED < /MESSAGENAME > < TRANSACTIONID > MCS2025122917462553804-6B8a < /TRANSACTIONID > < CONVERSATIONID > 48b1ab0c-2bf3-4800-8b30-e1495e552dfb < /CONVERSATIONID > < TIME > 2025-12-29 17:46:25.535 < /TIME > < /HEADER > < ORIGINATED > < ORIGINATEDTYPE > M < /ORIGINATEDTYPE > < ORIGINATEDNAME / > < MACHINENAME > 6ACM3901 < /MACHINENAME > < CONNECTIONID > 6ACM3901 < /CONNECTIONID > < USERNAME / > < /ORIGINATED > < DATA > < LIST > < DATAID > 0 < /DATAID > < CEID > 203 < /CEID > < RPTIDCOUNT > < LIST > < RPTID > 7 < /RPTID > < VCOUNT > < VEHICLEID > V00772 < /VEHICLEID > < CARRIERID > 4PDML395 < /CARRIERID > < TRANSFERPORT > 6ABL6022_AI623 < /TRANSFERPORT > < /VCOUNT > < /LIST > < /RPTIDCOUNT > < /LIST > < /DATA > < TAIL > < SECSII > < ![CDATA[RECV S6F11:VehicleAquireDepositEventReportSend W [D=6] [len=66] [SB=430084304] < L.3 < U4.1 [DATAID] '0' > < U2.1 [CEID] '203' > < L.1 [RPTIDCOUNT] < L.2 < U2.1 [RPTID] '7' > < L.3 [VCOUNT] < A.6 [VEHICLEID] 'V00772' > < A.8 [CARRIERID] '4PDML395' > < A.14 [TRANSFERPORT] '6ABL6022_AI623' > > > > > .]] > < /SECSII > < /TAIL > < /MESSAGE > . transactionId=MCS2025122917462553804-6B8a. [GTXN:MCS2025122917462553804-6B8a] ],WELL,6ACM3901,'MCS2025122917462553804-6B8a,4PDML395,,ts14_m16a,EsListener.onMsg,[2025-12-29 17:46:25.538],Tibrv Dispatcher,
,RAIL-CARRIERIDREAD,[ 2025-12-29 17:46:26.243 ] [ WELL ] [ Tibrv Dispatcher ] [ kr.co.aim.nanotrans.communication.msb.tibrv.marker.EsListener.onMsg ] [ < MESSAGE > < HEADER > < MESSAGENAME > RAIL-CARRIERIDREAD < /MESSAGENAME > < TRANSACTIONID > MCS2025122917462624304-n6Sz < /TRANSACTIONID > < CONVERSATIONID > 6ad911d1-697b-446e-9048-1d30d253d56f < /CONVERSATIONID > < TIME > 2025-12-29 17:46:26.240 < /TIME > < /HEADER > < ORIGINATED > < ORIGINATEDTYPE > M < /ORIGINATEDTYPE > < ORIGINATEDNAME / > < MACHINENAME > 6ACM3901 < /MACHINENAME > < CONNECTIONID > 6ACM3901 < /CONNECTIONID > < USERNAME / > < /ORIGINATED > < DATA > < LIST > < DATAID > 0 < /DATAID > < CEID > 251 < /CEID > < RPTIDCOUNT > < LIST > < RPTID > 15 < /RPTID > < VCOUNT > < EQPNAME > 6ACM3901 < /EQPNAME > < VEHICLEID > V00772 < /VEHICLEID > < CARRIERID > 4PDML395 < /CARRIERID > < IDREADSTATUS > 0 < /IDREADSTATUS > < READCARRIERID > 4PDML395 < /READCARRIERID > < SOURCEPORT > 6ABL6022_AI623 < /SOURCEPORT > < DESTPORT > 6ANZ6122-214 < /DESTPORT > < /VCOUNT > < /LIST > < /RPTIDCOUNT > < /LIST > < /DATA > < TAIL > < SECSII > < ![CDATA[RECV S6F11:CarrierIDRead W [D=6] [len=104] [SB=430084381] < L.3 < U4.1 [DATAID] '0' > < U2.1 [CEID] '251' > < L.1 [RPTIDCOUNT] < L.2 < U2.1 [RPTID] '15' > < L.7 [VCOUNT] < A.8 [EQPNAME] '6ACM3901' > < A.6 [VEHICLEID] 'V00772' > < A.8 [CARRIERID] '4PDML395' > < U2.1 [IDREADSTATUS] '0' > < A.8 [READCARRIERID] '4PDML395' > < A.14 [SOURCEPORT] '6ABL6022_AI623' > < A.12 [DESTPORT] '6ANZ6122-214' > > > > > .]] > < /SECSII > < /TAIL > < /MESSAGE > . transactionId=MCS2025122917462624304-n6Sz. [GTXN:MCS2025122917462624304-n6Sz] ],WELL,6ACM3901,'MCS2025122917462624304-n6Sz,4PDML395,,ts11_m16a,EsListener.onMsg,[2025-12-29 17:46:26.243],Tibrv Dispatcher,
,RAIL-VEHICLEDEPOSITSTARTED,[ 2025-12-29 17:50:39.774 ] [ WELL ] [ Tibrv Dispatcher ] [ kr.co.aim.nanotrans.communication.msb.tibrv.marker.EsListener.onMsg ] [ < MESSAGE > < HEADER > < MESSAGENAME > RAIL-VEHICLEDEPOSITSTARTED < /MESSAGENAME > < TRANSACTIONID > MCS2025122917503977404-20xs < /TRANSACTIONID > < CONVERSATIONID > e66d72f7-6a91-4760-88b0-9e425dc134e7 < /CONVERSATIONID > < TIME > 2025-12-29 17:50:39.768 < /TIME > < /HEADER > < ORIGINATED > < ORIGINATEDTYPE > M < /ORIGINATEDTYPE > < ORIGINATEDNAME / > < MACHINENAME > 6ACM3901 < /MACHINENAME > < CONNECTIONID > 6ACM3901 < /CONNECTIONID > < USERNAME / > < /ORIGINATED > < DATA > < LIST > < DATAID > 0 < /DATAID > < CEID > 206 < /CEID > < RPTIDCOUNT > < LIST > < RPTID > 7 < /RPTID > < VCOUNT > < VEHICLEID > V00772 < /VEHICLEID > < CARRIERID > 4PDML395 < /CARRIERID > < TRANSFERPORT > 6ANZ6122-214 < /TRANSFERPORT > < /VCOUNT > < /LIST > < /RPTIDCOUNT > < /LIST > < /DATA > < TAIL > < SECSII > < ![CDATA[RECV S6F11:VehicleAquireDepositEventReportSend W [D=6] [len=64] [SB=430100835] < L.3 < U4.1 [DATAID] '0' > < U2.1 [CEID] '206' > < L.1 [RPTIDCOUNT] < L.2 < U2.1 [RPTID] '7' > < L.3 [VCOUNT] < A.6 [VEHICLEID] 'V00772' > < A.8 [CARRIERID] '4PDML395' > < A.12 [TRANSFERPORT] '6ANZ6122-214' > > > > > .]] > < /SECSII > < /TAIL > < /MESSAGE > . transactionId=MCS2025122917503977404-20xs. [GTXN:MCS2025122917503977404-20xs] ],WELL,6ACM3901,'MCS2025122917503977404-20xs,4PDML395,,ts01_m16a,EsListener.onMsg,[2025-12-29 17:50:39.774],Tibrv Dispatcher,
N4PDML39520251229174042,RAIL-CARRIERREMOVED,[ 2025-12-29 17:50:47.136 ] [ WELL ] [ Tibrv Dispatcher ] [ kr.co.aim.nanotrans.communication.msb.tibrv.marker.EsListener.onMsg ] [ < MESSAGE > < HEADER > < MESSAGENAME > RAIL-CARRIERREMOVED < /MESSAGENAME > < TRANSACTIONID > MCS2025122917504713604-V3ws < /TRANSACTIONID > < CONVERSATIONID > 2f1cdb1a-a8ac-453b-a58d-9ce9c0af6c32 < /CONVERSATIONID > < TIME > 2025-12-29 17:50:47.134 < /TIME > < /HEADER > < ORIGINATED > < ORIGINATEDTYPE > M < /ORIGINATEDTYPE > < ORIGINATEDNAME / > < MACHINENAME > 6ACM3901 < /MACHINENAME > < CONNECTIONID > 6ACM3901 < /CONNECTIONID > < USERNAME / > < /ORIGINATED > < DATA > < LIST > < DATAID > 0 < /DATAID > < CEID > 152 < /CEID > < RPTIDCOUNT > < LIST > < RPTID > 8 < /RPTID > < VCOUNT > < VEHICLEID > V00772 < /VEHICLEID > < CARRIERID > 4PDML395 < /CARRIERID > < CARRIERLOC > 6ANZ6122-214 < /CARRIERLOC > < COMMANDID > N4PDML39520251229174042 < /COMMANDID > < /VCOUNT > < /LIST > < /RPTIDCOUNT > < /LIST > < /DATA > < TAIL > < SECSII > < ![CDATA[RECV S6F11:CarrierInstallRemoveEventReportSend W [D=6] [len=89] [SB=430101299] < L.3 < U4.1 [DATAID] '0' > < U2.1 [CEID] '152' > < L.1 [RPTIDCOUNT] < L.2 < U2.1 [RPTID] '8' > < L.4 [VCOUNT] < A.6 [VEHICLEID] 'V00772' > < A.8 [CARRIERID] '4PDML395' > < A.12 [CARRIERLOC] '6ANZ6122-214' > < A.23 [COMMANDID] 'N4PDML39520251229174042' > > > > > .]] > < /SECSII > < /TAIL > < /MESSAGE > . transactionId=MCS2025122917504713604-V3ws. [GTXN:MCS2025122917504713604-V3ws] ],WELL,6ACM3901,'MCS2025122917504713604-V3ws,4PDML395,,ts03_m16a,EsListener.onMsg,[2025-12-29 17:50:47.136],Tibrv Dispatcher,
,RAIL-VEHICLEDEPOSITCOMPLETED,[ 2025-12-29 17:50:47.143 ] [ WELL ] [ Tibrv Dispatcher ] [ kr.co.aim.nanotrans.communication.msb.tibrv.marker.EsListener.onMsg ] [ < MESSAGE > < HEADER > < MESSAGENAME > RAIL-VEHICLEDEPOSITCOMPLETED < /MESSAGENAME > < TRANSACTIONID > MCS2025122917504714304-LpnV < /TRANSACTIONID > < CONVERSATIONID > 571313d8-8095-4cf3-aa05-f7db1c1a5fb6 < /CONVERSATIONID > < TIME > 2025-12-29 17:50:47.140 < /TIME > < /HEADER > < ORIGINATED > < ORIGINATEDTYPE > M < /ORIGINATEDTYPE > < ORIGINATEDNAME / > < MACHINENAME > 6ACM3901 < /MACHINENAME > < CONNECTIONID > 6ACM3901 < /CONNECTIONID > < USERNAME / > < /ORIGINATED > < DATA > < LIST > < DATAID > 0 < /DATAID > < CEID > 207 < /CEID > < RPTIDCOUNT > < LIST > < RPTID > 7 < /RPTID > < VCOUNT > < VEHICLEID > V00772 < /VEHICLEID > < CARRIERID > 4PDML395 < /CARRIERID > < TRANSFERPORT > 6ANZ6122-214 < /TRANSFERPORT > < /VCOUNT > < /LIST > < /RPTIDCOUNT > < /LIST > < /DATA > < TAIL > < SECSII > < ![CDATA[RECV S6F11:VehicleAquireDepositEventReportSend W [D=6] [len=64] [SB=430101300] < L.3 < U4.1 [DATAID] '0' > < U2.1 [CEID] '207' > < L.1 [RPTIDCOUNT] < L.2 < U2.1 [RPTID] '7' > < L.3 [VCOUNT] < A.6 [VEHICLEID] 'V00772' > < A.8 [CARRIERID] '4PDML395' > < A.12 [TRANSFERPORT] '6ANZ6122-214' > > > > > .]] > < /SECSII > < /TAIL > < /MESSAGE > . transactionId=MCS2025122917504714304-LpnV. [GTXN:MCS2025122917504714304-LpnV] ],WELL,6ACM3901,'MCS2025122917504714304-LpnV,4PDML395,,ts02_m16a,EsListener.onMsg,[2025-12-29 17:50:47.143],Tibrv Dispatcher,
N4PDML39520251229174042,RAIL-VEHICLEUNASSIGNED,[ 2025-12-29 17:50:47.145 ] [ WELL ] [ Tibrv Dispatcher ] [ kr.co.aim.nanotrans.communication.msb.tibrv.marker.EsListener.onMsg ] [ < MESSAGE > < HEADER > < MESSAGENAME > RAIL-VEHICLEUNASSIGNED < /MESSAGENAME > < TRANSACTIONID > MCS2025122917504714504-IW6M < /TRANSACTIONID > < CONVERSATIONID > f740e0a0-22ce-494e-985d-a2d163734c3e < /CONVERSATIONID > < TIME > 2025-12-29 17:50:47.141 < /TIME > < /HEADER > < ORIGINATED > < ORIGINATEDTYPE > M < /ORIGINATEDTYPE > < ORIGINATEDNAME / > < MACHINENAME > 6ACM3901 < /MACHINENAME > < CONNECTIONID > 6ACM3901 < /CONNECTIONID > < USERNAME / > < /ORIGINATED > < DATA > < LIST > < DATAID > 0 < /DATAID > < CEID > 210 < /CEID > < RPTIDCOUNT > < LIST > < RPTID > 6 < /RPTID > < VCOUNT > < VEHICLEID > V00772 < /VEHICLEID > < COMMANDID > N4PDML39520251229174042 < /COMMANDID > < /VCOUNT > < /LIST > < /RPTIDCOUNT > < /LIST > < /DATA > < TAIL > < SECSII > < ![CDATA[RECV S6F11:VehicleAssignedEventReportSend W [D=6] [len=65] [SB=430101301] < L.3 < U4.1 [DATAID] '0' > < U2.1 [CEID] '210' > < L.1 [RPTIDCOUNT] < L.2 < U2.1 [RPTID] '6' > < L.2 [VCOUNT] < A.6 [VEHICLEID] 'V00772' > < A.23 [COMMANDID] 'N4PDML39520251229174042' > > > > > .]] > < /SECSII > < /TAIL > < /MESSAGE > . transactionId=MCS2025122917504714504-IW6M. [GTXN:MCS2025122917504714504-IW6M] ],WELL,6ACM3901,'MCS2025122917504714504-IW6M,,,ts05_m16a,EsListener.onMsg,[2025-12-29 17:50:47.145],Tibrv Dispatcher,
N4PDML39520251229174042,RAIL-TRANSFERCOMPLETED,[ 2025-12-29 17:50:47.146 ] [ WELL ] [ Tibrv Dispatcher ] [ kr.co.aim.nanotrans.communication.msb.tibrv.marker.EsListener.onMsg ] [ < MESSAGE > < HEADER > < MESSAGENAME > RAIL-TRANSFERCOMPLETED < /MESSAGENAME > < TRANSACTIONID > MCS2025122917504714604-9ISA < /TRANSACTIONID > < CONVERSATIONID > 5935e777-f00c-49b6-b224-1d2184a9764f < /CONVERSATIONID > < TIME > 2025-12-29 17:50:47.142 < /TIME > < /HEADER > < ORIGINATED > < ORIGINATEDTYPE > M < /ORIGINATEDTYPE > < ORIGINATEDNAME / > < MACHINENAME > 6ACM3901 < /MACHINENAME > < CONNECTIONID > 6ACM3901 < /CONNECTIONID > < USERNAME / > < /ORIGINATED > < DATA > < LIST > < DATAID > 0 < /DATAID > < CEID > 107 < /CEID > < RPTIDCOUNT > < LIST > < RPTID > 11 < /RPTID > < VCOUNT > < COMMANDID > N4PDML39520251229174042 < /COMMANDID > < LIST > < TRANSFERCOMPLETEINFO > < TRANSFERINFO > < CARRIERID > 4PDML395 < /CARRIERID > < SOURCEPORT > 6ABL6022_AI623 < /SOURCEPORT > < DESTPORT > 6ANZ6122-214 < /DESTPORT > < /TRANSFERINFO > < CARRIERLOC > 6ANZ6122-214 < /CARRIERLOC > < /TRANSFERCOMPLETEINFO > < /LIST > < RESULTCODE > 0 < /RESULTCODE > < /VCOUNT > < /LIST > < /RPTIDCOUNT > < /LIST > < /DATA > < TAIL > < SECSII > < ![CDATA[RECV S6F11:TransferCompletedEventReportSend W [D=6] [len=121] [SB=430101302] < L.3 < U4.1 [DATAID] '0' > < U2.1 [CEID] '107' > < L.1 [RPTIDCOUNT] < L.2 < U2.1 [RPTID] '11' > < L.3 [VCOUNT] < A.23 [COMMANDID] 'N4PDML39520251229174042' > < L.1 < L.2 [TRANSFERCOMPLETEINFO] < L.3 [TRANSFERINFO] < A.8 [CARRIERID] '4PDML395' > < A.14 [SOURCEPORT] '6ABL6022_AI623' > < A.12 [DESTPORT] '6ANZ6122-214' > > < A.12 [CARRIERLOC] '6ANZ6122-214' > > > < U2.1 [RESULTCODE] '0' > > > > > .]] > < /SECSII > < /TAIL > < /MESSAGE > . transactionId=MCS2025122917504714604-9ISA. [GTXN:MCS2025122917504714604-9ISA] ],WELL,6ACM3901,'MCS2025122917504714604-9ISA,4PDML395,,ts13_m16a,EsListener.onMsg,[2025-12-29 17:50:47.146],Tibrv Dispatcher,
