COMMANDID,MESSAGENAME,TEXT,LEVEL,MACHINENAME,TRANSACTIONID,CARRIER,UNITNAME,PROCESS,OPERATION_NAME,TIME_EX,THREAD,COMMAND
N4PDML39520251229174042,RAIL-CARRIERTRANSFER,[ 2025-12-29 17:40:42.233 ] [ WELL ] [ THREAD-ID=423 ] [ kr.co.aim.nanotrans.communication.msb.tibrv.marker.EsSender.send ] [ < ?xml version="1.0" encoding="UTF-8"? > < MESSAGE > < HEADER > < MESSAGENAME > RAIL-CARRIERTRANSFER < /MESSAGENAME > < TRANSACTIONID / > < CONVERSATIONID / > < TIME > 2025-12-29 17:40:42.230 < /TIME > < /HEADER > < ORIGINATED > < ORIGINATEDTYPE > N < /ORIGINATEDTYPE > < ORIGINATEDNAME / > < MACHINENAME > 6ECMB101 < /MACHINENAME > < CONNECTIONID / > < USERNAME > NANOTRANS < /USERNAME > < /ORIGINATED > < DATA > < COMMANDID > N4PDML39520251229174042 < /COMMANDID > < CARRIERID > 4PDML395 < /CARRIERID > < CARRIERLOC / > < CARRIERZONENAME / > < SOURCEUNIT > 4AFC3301A_OUT89 < /SOURCEUNIT > < SOURCECONTAINER / > < SOURCESLOT / > < DESTUNIT > 6ABL6012_AI322 < /DESTUNIT > < DESTCONTAINER / > < DESTSLOT / > < RESULTCODE / > < PRIORITY > 50 < /PRIORITY > < LOTID > TE25160 < /LOTID > < CARRIERTYPE > FOUP < /CARRIERTYPE > < STEPID / > < OPER_DESC / > < WF_QTY / > < NEXTTOUNIT / > < /DATA > < TAIL / > < /MESSAGE > was sent to M16.REAL.NANOTRANS.MCSEIF.EI20_BRG_OHT_P. transactionId=MCS2025122917404169304-TdBt. [GTXN:MCS2025122917404169304-TdBt] ],WELL,6ECMB101,'MCS2025122917404169304-TdBt,4PDML395,,ts01_m16a,EsSender.send,[2025-12-29 17:40:42.233],THREAD-ID=423,
N4PDML39520251229174042,RAIL-CARRIERTRANSFER,[ 2025-12-29 17:40:42.236 ] [ WELL ] [ THREAD-ID=423 ] [ kr.co.aim.nanotrans.communication.msb.tibrv.marker.EsSender.send ] [ < ?xml version="1.0" encoding="UTF-8"? > < MESSAGE > < HEADER > < MESSAGENAME > RAIL-CARRIERTRANSFER < /MESSAGENAME > < TRANSACTIONID / > < CONVERSATIONID / > < TIME > 2025-12-29 17:40:42.230 < /TIME > < /HEADER > < ORIGINATED > < ORIGINATEDTYPE > N < /ORIGINATEDTYPE > < ORIGINATEDNAME / > < MACHINENAME > 6ECMB101 < /MACHINENAME > < CONNECTIONID / > < USERNAME > NANOTRANS < /USERNAME > < /ORIGINATED > < DATA > < COMMANDID > N4PDML39520251229174042 < /COMMANDID > < CARRIERID > 4PDML395 < /CARRIERID > < CARRIERLOC / > < CARRIERZONENAME / > < SOURCEUNIT > 4AFC3301A_OUT89 < /SOURCEUNIT > < SOURCECONTAINER / > < SOURCESLOT / > < DESTUNIT > 6ABL6012_AI322 < /DESTUNIT > < DESTCONTAINER / > < DESTSLOT / > < RESULTCODE / > < PRIORITY > 50 < /PRIORITY > < LOTID > TE25160 < /LOTID > < CARRIERTYPE > FOUP < /CARRIERTYPE > < STEPID / > < OPER_DESC / > < WF_QTY / > < NEXTTOUNIT / > < /DATA > < TAIL / > < /MESSAGE > was sent to M16.REAL.NANOTRANS.MCSEIF.EI20_BRG_OHT_S. transactionId=MCS2025122917404169304-TdBt. [GTXN:MCS2025122917404169304-TdBt] ],WELL,6ECMB101,'MCS2025122917404169304-TdBt,4PDML395,,ts01_m16a,EsSender.send,[2025-12-29 17:40:42.236],THREAD-ID=423,
N4PDML39520251229174042,RAIL-CARRIERTRANSFERREPLY,[ 2025-12-29 17:40:42.272 ] [ WELL ] [ Tibrv Dispatcher ] [ kr.co.aim.nanotrans.communication.msb.tibrv.marker.EsListener.onMsg ] [ < MESSAGE > < HEADER > < MESSAGENAME > RAIL-CARRIERTRANSFERREPLY < /MESSAGENAME > < TRANSACTIONID > MCS2025122917404227204-nyP8 < /TRANSACTIONID > < CONVERSATIONID > 1f83b9e7-7dda-4eb8-a208-0cfe67ba48a6 < /CONVERSATIONID > < TIME > 2025-12-29 17:40:42.249 < /TIME > < /HEADER > < ORIGINATED > < ORIGINATEDTYPE > M < /ORIGINATEDTYPE > < ORIGINATEDNAME / > < MACHINENAME > 6ECMB101 < /MACHINENAME > < CONNECTIONID > 6ECMB101 < /CONNECTIONID > < USERNAME / > < /ORIGINATED > < DATA > < DESTUNIT > 6ABL6012_AI322 < /DESTUNIT > < CARRIERID > 4PDML395 < /CARRIERID > < COMMANDID > N4PDML39520251229174042 < /COMMANDID > < SOURCEUNIT > 4AFC3301A_OUT89 < /SOURCEUNIT > < LOTID > TE25160 < /LOTID > < CARRIERTYPE > FOUP < /CARRIERTYPE > < LIST > < HCACK > 4 < /HCACK > < CPCOUNT / > < /LIST > < RESULTCODE > 4 < /RESULTCODE > < /DATA > < TAIL > < SECSII > < ![CDATA[RECV S2F50:EnhancedHostCommandAcknowledgeNew1 [D=6] [len=17] [SB=37318653] < L.2 < B.1 [HCACK] '4' > < L.0 [CPCOUNT] > > .]] > < /SECSII > < /TAIL > < /MESSAGE > . transactionId=MCS2025122917404227204-nyP8. [GTXN:MCS2025122917404227204-nyP8] ],WELL,6ECMB101,'MCS2025122917404227204-nyP8,4PDML395,,ts11_m16a,EsListener.onMsg,[2025-12-29 17:40:42.272],Tibrv Dispatcher,
N4PDML39520251229174042,RAIL-TRANSFERINITIATED,[ 2025-12-29 17:40:43.210 ] [ WELL ] [ Tibrv Dispatcher ] [ kr.co.aim.nanotrans.communication.msb.tibrv.marker.EsListener.onMsg ] [ < MESSAGE > < HEADER > < MESSAGENAME > RAIL-TRANSFERINITIATED < /MESSAGENAME > < TRANSACTIONID > MCS2025122917404321004-zHiz < /TRANSACTIONID > < CONVERSATIONID > a526370b-9803-47b5-afdb-7303d9d5ffbb < /CONVERSATIONID > < TIME > 2025-12-29 17:40:43.207 < /TIME > < /HEADER > < ORIGINATED > < ORIGINATEDTYPE > M < /ORIGINATEDTYPE > < ORIGINATEDNAME / > < MACHINENAME > 6ECMB101 < /MACHINENAME > < CONNECTIONID > 6ECMB101 < /CONNECTIONID > < USERNAME / > < /ORIGINATED > < DATA > < LIST > < DATAID > 0 < /DATAID > < CEID > 108 < /CEID > < RPTIDCOUNT > < LIST > < RPTID > 3 < /RPTID > < VCOUNT > < COMMANDID > N4PDML39520251229174042 < /COMMANDID > < /VCOUNT > < /LIST > < /RPTIDCOUNT > < /LIST > < /DATA > < TAIL > < SECSII > < ![CDATA[RECV S6F11:TransferCommandStateEventReportSend W [D=6] [len=57] [SB=14608192] < L.3 < U4.1 [DATAID] '0' > < U2.1 [CEID] '108' > < L.1 [RPTIDCOUNT] < L.2 < U2.1 [RPTID] '3' > < L.1 [VCOUNT] < A.23 [COMMANDID] 'N4PDML39520251229174042' > > > > > .]] > < /SECSII > < /TAIL > < /MESSAGE > . transactionId=MCS2025122917404321004-zHiz. [GTXN:MCS2025122917404321004-zHiz] ],WELL,6ECMB101,'MCS2025122917404321004-zHiz,,,ts01_m16a,EsListener.onMsg,[2025-12-29 17:40:43.210],Tibrv Dispatcher,
N4PDML39520251229174042,RAIL-VEHICLEASSIGNED,[ 2025-12-29 17:40:43.211 ] [ WELL ] [ Tibrv Dispatcher ] [ kr.co.aim.nanotrans.communication.msb.tibrv.marker.EsListener.onMsg ] [ < MESSAGE > < HEADER > < MESSAGENAME > RAIL-VEHICLEASSIGNED < /MESSAGENAME > < TRANSACTIONID > MCS2025122917404321104-OX5b < /TRANSACTIONID > < CONVERSATIONID > 636c788d-3893-46cf-b835-011568096c7e < /CONVERSATIONID > < TIME > 2025-12-29 17:40:43.207 < /TIME > < /HEADER > < ORIGINATED > < ORIGINATEDTYPE > M < /ORIGINATEDTYPE > < ORIGINATEDNAME / > < MACHINENAME > 6ECMB101 < /MACHINENAME > < CONNECTIONID > 6ECMB101 < /CONNECTIONID > < USERNAME / > < /ORIGINATED > < DATA > < LIST > < DATAID > 0 < /DATAID > < CEID > 204 < /CEID > < RPTIDCOUNT > < LIST > < RPTID > 6 < /RPTID > < VCOUNT > < VEHICLEID > BV0181 < /VEHICLEID > < COMMANDID > N4PDML39520251229174042 < /COMMANDID > < /VCOUNT > < /LIST > < /RPTIDCOUNT > < /LIST > < /DATA > < TAIL > < SECSII > < ![CDATA[RECV S6F11:VehicleAssignedEventReportSend W [D=6] [len=65] [SB=14608193] < L.3 < U4.1 [DATAID] '0' > < U2.1 [CEID] '204' > < L.1 [RPTIDCOUNT] < L.2 < U2.1 [RPTID] '6' > < L.2 [VCOUNT] < A.6 [VEHICLEID] 'BV0181' > < A.23 [COMMANDID] 'N4PDML39520251229174042' > > > > > .]] > < /SECSII > < /TAIL > < /MESSAGE > . transactionId=MCS2025122917404321104-OX5b. [GTXN:MCS2025122917404321104-OX5b] ],WELL,6ECMB101,'MCS2025122917404321104-OX5b,,,ts02_m16a,EsListener.onMsg,[2025-12-29 17:40:43.211],Tibrv Dispatcher,
N4PDML39520251229174042,RAIL-TRANSFERUPDATE,[ 2025-12-29 17:40:44.504 ] [ WELL ] [ THREAD-ID=147 ] [ kr.co.aim.nanotrans.communication.msb.tibrv.marker.EsSender.send ] [ < ?xml version="1.0" encoding="UTF-8"? > < MESSAGE > < HEADER > < MESSAGENAME > RAIL-TRANSFERUPDATE < /MESSAGENAME > < TRANSACTIONID / > < CONVERSATIONID / > < TIME > 2025-12-29 17:40:44.501 < /TIME > < /HEADER > < ORIGINATED > < ORIGINATEDTYPE > N < /ORIGINATEDTYPE > < ORIGINATEDNAME / > < MACHINENAME > 6ECMB101 < /MACHINENAME > < CONNECTIONID / > < USERNAME > NANOTRANS < /USERNAME > < /ORIGINATED > < DATA > < COMMANDID > N4PDML39520251229174042 < /COMMANDID > < CARRIERID > 4PDML395 < /CARRIERID > < DESTPORT > 6ABL6022_AI311 < /DESTPORT > < PRIORITY > 50 < /PRIORITY > < FLOORID / > < RESULTCODE / > < /DATA > < TAIL / > < /MESSAGE > was sent to M16.REAL.NANOTRANS.MCSEIF.EI20_BRG_OHT_P. transactionId=MCS2025122917404169304-TdBt. [GTXN:MCS2025122917404169304-TdBt] ],WELL,6ECMB101,'MCS2025122917404169304-TdBt,4PDML395,,ts15_m16a,EsSender.send,[2025-12-29 17:40:44.504],THREAD-ID=147,
N4PDML39520251229174042,RAIL-TRANSFERUPDATE,[ 2025-12-29 17:40:44.507 ] [ WELL ] [ THREAD-ID=147 ] [ kr.co.aim.nanotrans.communication.msb.tibrv.marker.EsSender.send ] [ < ?xml version="1.0" encoding="UTF-8"? > < MESSAGE > < HEADER > < MESSAGENAME > RAIL-TRANSFERUPDATE < /MESSAGENAME > < TRANSACTIONID / > < CONVERSATIONID / > < TIME > 2025-12-29 17:40:44.501 < /TIME > < /HEADER > < ORIGINATED > < ORIGINATEDTYPE > N < /ORIGINATEDTYPE > < ORIGINATEDNAME / > < MACHINENAME > 6ECMB101 < /MACHINENAME > < CONNECTIONID / > < USERNAME > NANOTRANS < /USERNAME > < /ORIGINATED > < DATA > < COMMANDID > N4PDML39520251229174042 < /COMMANDID > < CARRIERID > 4PDML395 < /CARRIERID > < DESTPORT > 6ABL6022_AI311 < /DESTPORT > < PRIORITY > 50 < /PRIORITY > < FLOORID / > < RESULTCODE / > < /DATA > < TAIL / > < /MESSAGE > was sent to M16.REAL.NANOTRANS.MCSEIF.EI20_BRG_OHT_S. transactionId=MCS2025122917404169304-TdBt. [GTXN:MCS2025122917404169304-TdBt] ],WELL,6ECMB101,'MCS2025122917404169304-TdBt,4PDML395,,ts15_m16a,EsSender.send,[2025-12-29 17:40:44.507],THREAD-ID=147,
N4PDML39520251229174042,RAIL-TRANSFERUPDATEREPLY,[ 2025-12-29 17:40:44.512 ] [ WELL ] [ Tibrv Dispatcher ] [ kr.co.aim.nanotrans.communication.msb.tibrv.marker.EsListener.onMsg ] [ < MESSAGE > < HEADER > < MESSAGENAME > RAIL-TRANSFERUPDATEREPLY < /MESSAGENAME > < TRANSACTIONID > MCS2025122917404451204-kJlK < /TRANSACTIONID > < CONVERSATIONID > ff38432b-e007-4d19-9970-1aa486b1e138 < /CONVERSATIONID > < TIME > 2025-12-29 17:40:44.501 < /TIME > < /HEADER > < ORIGINATED > < ORIGINATEDTYPE > N < /ORIGINATEDTYPE > < ORIGINATEDNAME / > < MACHINENAME > 6ECMB101 < /MACHINENAME > < CONNECTIONID / > < USERNAME > NANOTRANS < /USERNAME > < /ORIGINATED > < DATA > < COMMANDID > N4PDML39520251229174042 < /COMMANDID > < CARRIERID > 4PDML395 < /CARRIERID > < DESTPORT > 6ABL6022_AI311 < /DESTPORT > < PRIORITY > 50 < /PRIORITY > < FLOORID / > < RESULTCODE > 4 < /RESULTCODE > < /DATA > < TAIL > < SECSII > < ![CDATA[RECV S2F42:HostCommandAcknowledgeNew1 [D=6] [len=17] [SB=37318656] < L.2 < B.1 [HCACK] '4' > < L.0 [CPCOUNT] > > .]] > < /SECSII > < /TAIL > < /MESSAGE > . transactionId=MCS2025122917404451204-kJlK. [GTXN:MCS2025122917404451204-kJlK] ],WELL,6ECMB101,'MCS2025122917404451204-kJlK,4PDML395,,ts03_m16a,EsListener.onMsg,[2025-12-29 17:40:44.512],Tibrv Dispatcher,
N4PDML39520251229174042,RAIL-TRANSFERUPDATECOMPLETED,[ 2025-12-29 17:40:44.612 ] [ WELL ] [ Tibrv Dispatcher ] [ kr.co.aim.nanotrans.communication.msb.tibrv.marker.EsListener.onMsg ] [ < MESSAGE > < HEADER > < MESSAGENAME > RAIL-TRANSFERUPDATECOMPLETED < /MESSAGENAME > < TRANSACTIONID > MCS2025122917404461204-xRLW < /TRANSACTIONID > < CONVERSATIONID > f2b6fefc-9834-4955-b85d-bb95cdbcdbbb < /CONVERSATIONID > < TIME > 2025-12-29 17:40:44.607 < /TIME > < /HEADER > < ORIGINATED > < ORIGINATEDTYPE > M < /ORIGINATEDTYPE > < ORIGINATEDNAME / > < MACHINENAME > 6ECMB101 < /MACHINENAME > < CONNECTIONID > 6ECMB101 < /CONNECTIONID > < USERNAME / > < /ORIGINATED > < DATA > < LIST > < DATAID > 0 < /DATAID > < CEID > 660 < /CEID > < RPTIDCOUNT > < LIST > < RPTID > 14 < /RPTID > < VCOUNT > < COMMANDID > N4PDML39520251229174042 < /COMMANDID > < CARRIERID > 4PDML395 < /CARRIERID > < DESTPORT > 6ABL6022_AI311 < /DESTPORT > < PRIORITY > 50 < /PRIORITY > < /VCOUNT > < /LIST > < /RPTIDCOUNT > < /LIST > < /DATA > < TAIL > < SECSII > < ![CDATA[RECV S6F11:TransferUpdateCompleted W [D=6] [len=87] [SB=14608223] < L.3 < U4.1 [DATAID] '0' > < U2.1 [CEID] '660' > < L.1 [RPTIDCOUNT] < L.2 < U2.1 [RPTID] '14' > < L.4 [VCOUNT] < A.23 [COMMANDID] 'N4PDML39520251229174042' > < A.8 [CARRIERID] '4PDML395' > < A.14 [DESTPORT] '6ABL6022_AI311' > < U2.1 [PRIORITY] '50' > > > > > .]] > < /SECSII > < /TAIL > < /MESSAGE > . transactionId=MCS2025122917404461204-xRLW. [GTXN:MCS2025122917404461204-xRLW] ],WELL,6ECMB101,'MCS2025122917404461204-xRLW,4PDML395,,ts01_m16a,EsListener.onMsg,[2025-12-29 17:40:44.612],Tibrv Dispatcher,
N4PDML39520251229174042,RAIL-TRANSFERRING,[ 2025-12-29 17:41:05.711 ] [ WELL ] [ Tibrv Dispatcher ] [ kr.co.aim.nanotrans.communication.msb.tibrv.marker.EsListener.onMsg ] [ < MESSAGE > < HEADER > < MESSAGENAME > RAIL-TRANSFERRING < /MESSAGENAME > < TRANSACTIONID > MCS2025122917410571104-fLAK < /TRANSACTIONID > < CONVERSATIONID > bf5106e9-48b5-4abb-91dd-f922f7c4a014 < /CONVERSATIONID > < TIME > 2025-12-29 17:41:05.708 < /TIME > < /HEADER > < ORIGINATED > < ORIGINATEDTYPE > M < /ORIGINATEDTYPE > < ORIGINATEDNAME / > < MACHINENAME > 6ECMB101 < /MACHINENAME > < CONNECTIONID > 6ECMB101 < /CONNECTIONID > < USERNAME / > < /ORIGINATED > < DATA > < LIST > < DATAID > 0 < /DATAID > < CEID > 111 < /CEID > < RPTIDCOUNT > < LIST > < RPTID > 3 < /RPTID > < VCOUNT > < COMMANDID > N4PDML39520251229174042 < /COMMANDID > < /VCOUNT > < /LIST > < /RPTIDCOUNT > < /LIST > < /DATA > < TAIL > < SECSII > < ![CDATA[RECV S6F11:TransferCommandStateEventReportSend W [D=6] [len=57] [SB=14608532] < L.3 < U4.1 [DATAID] '0' > < U2.1 [CEID] '111' > < L.1 [RPTIDCOUNT] < L.2 < U2.1 [RPTID] '3' > < L.1 [VCOUNT] < A.23 [COMMANDID] 'N4PDML39520251229174042' > > > > > .]] > < /SECSII > < /TAIL > < /MESSAGE > . transactionId=MCS2025122917410571104-fLAK. [GTXN:MCS2025122917410571104-fLAK] ],WELL,6ECMB101,'MCS2025122917410571104-fLAK,,,ts05_m16a,EsListener.onMsg,[2025-12-29 17:41:05.711],Tibrv Dispatcher,
,RAIL-VEHICLEACQUIRESTARTED,[ 2025-12-29 17:41:06.313 ] [ WELL ] [ Tibrv Dispatcher ] [ kr.co.aim.nanotrans.communication.msb.tibrv.marker.EsListener.onMsg ] [ < MESSAGE > < HEADER > < MESSAGENAME > RAIL-VEHICLEACQUIRESTARTED < /MESSAGENAME > < TRANSACTIONID > MCS2025122917410631304-IYcU < /TRANSACTIONID > < CONVERSATIONID > 23e05c3a-eb04-4e36-ac23-976c2e02dade < /CONVERSATIONID > < TIME > 2025-12-29 17:41:06.306 < /TIME > < /HEADER > < ORIGINATED > < ORIGINATEDTYPE > M < /ORIGINATEDTYPE > < ORIGINATEDNAME / > < MACHINENAME > 6ECMB101 < /MACHINENAME > < CONNECTIONID > 6ECMB101 < /CONNECTIONID > < USERNAME / > < /ORIGINATED > < DATA > < LIST > < DATAID > 0 < /DATAID > < CEID > 202 < /CEID > < RPTIDCOUNT > < LIST > < RPTID > 7 < /RPTID > < VCOUNT > < VEHICLEID > BV0181 < /VEHICLEID > < CARRIERID > 4PDML395 < /CARRIERID > < TRANSFERPORT > 4AFC3301A_OUT89 < /TRANSFERPORT > < /VCOUNT > < /LIST > < /RPTIDCOUNT > < /LIST > < /DATA > < TAIL > < SECSII > < ![CDATA[RECV S6F11:VehicleAquireDepositEventReportSend W [D=6] [len=67] [SB=14608543] < L.3 < U4.1 [DATAID] '0' > < U2.1 [CEID] '202' > < L.1 [RPTIDCOUNT] < L.2 < U2.1 [RPTID] '7' > < L.3 [VCOUNT] < A.6 [VEHICLEID] 'BV0181' > < A.8 [CARRIERID] '4PDML395' > < A.15 [TRANSFERPORT] '4AFC3301A_OUT89' > > > > > .]] > < /SECSII > < /TAIL > < /MESSAGE > . transactionId=MCS2025122917410631304-IYcU. [GTXN:MCS2025122917410631304-IYcU] ],WELL,6ECMB101,'MCS2025122917410631304-IYcU,4PDML395,,ts04_m16a,EsListener.onMsg,[2025-12-29 17:41:06.313],Tibrv Dispatcher,
N4PDML39520251229174042,RAIL-CARRIERINSTALLED,[ 2025-12-29 17:41:12.510 ] [ WELL ] [ Tibrv Dispatcher ] [ kr.co.aim.nanotrans.communication.msb.tibrv.marker.EsListener.onMsg ] [ < MESSAGE > < HEADER > < MESSAGENAME > RAIL-CARRIERINSTALLED < /MESSAGENAME > < TRANSACTIONID > MCS2025122917411251004-AOJO < /TRANSACTIONID > < CONVERSATIONID > a3223428-7edb-40a0-abe5-9c2f25fbf511 < /CONVERSATIONID > < TIME > 2025-12-29 17:41:12.507 < /TIME > < /HEADER > < ORIGINATED > < ORIGINATEDTYPE > M < /ORIGINATEDTYPE > < ORIGINATEDNAME / > < MACHINENAME > 6ECMB101 < /MACHINENAME > < CONNECTIONID > 6ECMB101 < /CONNECTIONID > < USERNAME / > < /ORIGINATED > < DATA > < LIST > < DATAID > 0 < /DATAID > < CEID > 151 < /CEID > < RPTIDCOUNT > < LIST > < RPTID > 8 < /RPTID > < VCOUNT > < VEHICLEID > BV0181 < /VEHICLEID > < CARRIERID > 4PDML395 < /CARRIERID > < CARRIERLOC > BV0181 < /CARRIERLOC > < COMMANDID > N4PDML39520251229174042 < /COMMANDID > < /VCOUNT > < /LIST > < /RPTIDCOUNT > < /LIST > < /DATA > < TAIL > < SECSII > < ![CDATA[RECV S6F11:CarrierInstallRemoveEventReportSend W [D=6] [len=83] [SB=14608616] < L.3 < U4.1 [DATAID] '0' > < U2.1 [CEID] '151' > < L.1 [RPTIDCOUNT] < L.2 < U2.1 [RPTID] '8' > < L.4 [VCOUNT] < A.6 [VEHICLEID] 'BV0181' > < A.8 [CARRIERID] '4PDML395' > < A.6 [CARRIERLOC] 'BV0181' > < A.23 [COMMANDID] 'N4PDML39520251229174042' > > > > > .]] > < /SECSII > < /TAIL > < /MESSAGE > . transactionId=MCS2025122917411251004-AOJO. [GTXN:MCS2025122917411251004-AOJO] ],WELL,6ECMB101,'MCS2025122917411251004-AOJO,4PDML395,,ts14_m16a,EsListener.onMsg,[2025-12-29 17:41:12.510],Tibrv Dispatcher,
,RAIL-VEHICLEACQUIRECOMPLETED,[ 2025-12-29 17:41:12.511 ] [ WELL ] [ Tibrv Dispatcher ] [ kr.co.aim.nanotrans.communication.msb.tibrv.marker.EsListener.onMsg ] [ < MESSAGE > < HEADER > < MESSAGENAME > RAIL-VEHICLEACQUIRECOMPLETED < /MESSAGENAME > < TRANSACTIONID > MCS2025122917411251104-KwJr < /TRANSACTIONID > < CONVERSATIONID > 495897cd-40ea-4fb9-9429-df126f792ac2 < /CONVERSATIONID > < TIME > 2025-12-29 17:41:12.507 < /TIME > < /HEADER > < ORIGINATED > < ORIGINATEDTYPE > M < /ORIGINATEDTYPE > < ORIGINATEDNAME / > < MACHINENAME > 6ECMB101 < /MACHINENAME > < CONNECTIONID > 6ECMB101 < /CONNECTIONID > < USERNAME / > < /ORIGINATED > < DATA > < LIST > < DATAID > 0 < /DATAID > < CEID > 203 < /CEID > < RPTIDCOUNT > < LIST > < RPTID > 7 < /RPTID > < VCOUNT > < VEHICLEID > BV0181 < /VEHICLEID > < CARRIERID > 4PDML395 < /CARRIERID > < TRANSFERPORT > 4AFC3301A_OUT89 < /TRANSFERPORT > < /VCOUNT > < /LIST > < /RPTIDCOUNT > < /LIST > < /DATA > < TAIL > < SECSII > < ![CDATA[RECV S6F11:VehicleAquireDepositEventReportSend W [D=6] [len=67] [SB=14608617] < L.3 < U4.1 [DATAID] '0' > < U2.1 [CEID] '203' > < L.1 [RPTIDCOUNT] < L.2 < U2.1 [RPTID] '7' > < L.3 [VCOUNT] < A.6 [VEHICLEID] 'BV0181' > < A.8 [CARRIERID] '4PDML395' > < A.15 [TRANSFERPORT] '4AFC3301A_OUT89' > > > > > .]] > < /SECSII > < /TAIL > < /MESSAGE > . transactionId=MCS2025122917411251104-KwJr. [GTXN:MCS2025122917411251104-KwJr] ],WELL,6ECMB101,'MCS2025122917411251104-KwJr,4PDML395,,ts02_m16a,EsListener.onMsg,[2025-12-29 17:41:12.511],Tibrv Dispatcher,
,RAIL-CARRIERIDREAD,[ 2025-12-29 17:41:13.218 ] [ WELL ] [ Tibrv Dispatcher ] [ kr.co.aim.nanotrans.communication.msb.tibrv.marker.EsListener.onMsg ] [ < MESSAGE > < HEADER > < MESSAGENAME > RAIL-CARRIERIDREAD < /MESSAGENAME > < TRANSACTIONID > MCS2025122917411321804-cdSi < /TRANSACTIONID > < CONVERSATIONID > efe1b09c-0395-4379-acb4-7e9ddc527f54 < /CONVERSATIONID > < TIME > 2025-12-29 17:41:13.208 < /TIME > < /HEADER > < ORIGINATED > < ORIGINATEDTYPE > M < /ORIGINATEDTYPE > < ORIGINATEDNAME / > < MACHINENAME > 6ECMB101 < /MACHINENAME > < CONNECTIONID > 6ECMB101 < /CONNECTIONID > < USERNAME / > < /ORIGINATED > < DATA > < LIST > < DATAID > 0 < /DATAID > < CEID > 251 < /CEID > < RPTIDCOUNT > < LIST > < RPTID > 15 < /RPTID > < VCOUNT > < EQPNAME > 6ECMB101 < /EQPNAME > < VEHICLEID > BV0181 < /VEHICLEID > < CARRIERID > 4PDML395 < /CARRIERID > < IDREADSTATUS > 0 < /IDREADSTATUS > < READCARRIERID > 4PDML395 < /READCARRIERID > < SOURCEPORT > 4AFC3301A_OUT89 < /SOURCEPORT > < DESTPORT > 6ABL6022_AI311 < /DESTPORT > < /VCOUNT > < /LIST > < /RPTIDCOUNT > < /LIST > < /DATA > < TAIL > < SECSII > < ![CDATA[RECV S6F11:CarrierIDRead W [D=6] [len=107] [SB=14608629] < L.3 < U4.1 [DATAID] '0' > < U2.1 [CEID] '251' > < L.1 [RPTIDCOUNT] < L.2 < U2.1 [RPTID] '15' > < L.7 [VCOUNT] < A.8 [EQPNAME] '6ECMB101' > < A.6 [VEHICLEID] 'BV0181' > < A.8 [CARRIERID] '4PDML395' > < U2.1 [IDREADSTATUS] '0' > < A.8 [READCARRIERID] '4PDML395' > < A.15 [SOURCEPORT] '4AFC3301A_OUT89' > < A.14 [DESTPORT] '6ABL6022_AI311' > > > > > .]] > < /SECSII > < /TAIL > < /MESSAGE > . transactionId=MCS2025122917411321804-cdSi. [GTXN:MCS2025122917411321804-cdSi] ],WELL,6ECMB101,'MCS2025122917411321804-cdSi,4PDML395,,ts11_m16a,EsListener.onMsg,[2025-12-29 17:41:13.218],Tibrv Dispatcher,
,RAIL-VEHICLEDEPOSITSTARTED,[ 2025-12-29 17:43:59.811 ] [ WELL ] [ Tibrv Dispatcher ] [ kr.co.aim.nanotrans.communication.msb.tibrv.marker.EsListener.onMsg ] [ < MESSAGE > < HEADER > < MESSAGENAME > RAIL-VEHICLEDEPOSITSTARTED < /MESSAGENAME > < TRANSACTIONID > MCS2025122917435981104-r5Q9 < /TRANSACTIONID > < CONVERSATIONID > e92b4a84-f2de-47ac-b66f-1d6cbdadb40c < /CONVERSATIONID > < TIME > 2025-12-29 17:43:59.807 < /TIME > < /HEADER > < ORIGINATED > < ORIGINATEDTYPE > M < /ORIGINATEDTYPE > < ORIGINATEDNAME / > < MACHINENAME > 6ECMB101 < /MACHINENAME > < CONNECTIONID > 6ECMB101 < /CONNECTIONID > < USERNAME / > < /ORIGINATED > < DATA > < LIST > < DATAID > 0 < /DATAID > < CEID > 206 < /CEID > < RPTIDCOUNT > < LIST > < RPTID > 7 < /RPTID > < VCOUNT > < VEHICLEID > BV0181 < /VEHICLEID > < CARRIERID > 4PDML395 < /CARRIERID > < TRANSFERPORT > 6ABL6022_AI311 < /TRANSFERPORT > < /VCOUNT > < /LIST > < /RPTIDCOUNT > < /LIST > < /DATA > < TAIL > < SECSII > < ![CDATA[RECV S6F11:VehicleAquireDepositEventReportSend W [D=6] [len=66] [SB=14611072] < L.3 < U4.1 [DATAID] '0' > < U2.1 [CEID] '206' > < L.1 [RPTIDCOUNT] < L.2 < U2.1 [RPTID] '7' > < L.3 [VCOUNT] < A.6 [VEHICLEID] 'BV0181' > < A.8 [CARRIERID] '4PDML395' > < A.14 [TRANSFERPORT] '6ABL6022_AI311' > > > > > .]] > < /SECSII > < /TAIL > < /MESSAGE > . transactionId=MCS2025122917435981104-r5Q9. [GTXN:MCS2025122917435981104-r5Q9] ],WELL,6ECMB101,'MCS2025122917435981104-r5Q9,4PDML395,,ts04_m16a,EsListener.onMsg,[2025-12-29 17:43:59.811],Tibrv Dispatcher,
N4PDML39520251229174042,RAIL-CARRIERREMOVED,[ 2025-12-29 17:44:04.152 ] [ WELL ] [ Tibrv Dispatcher ] [ kr.co.aim.nanotrans.communication.msb.tibrv.marker.EsListener.onMsg ] [ < MESSAGE > < HEADER > < MESSAGENAME > RAIL-CARRIERREMOVED < /MESSAGENAME > < TRANSACTIONID > MCS2025122917440415204-GcET < /TRANSACTIONID > < CONVERSATIONID > 5460daa5-46a2-4917-9a6d-e2617ef4671a < /CONVERSATIONID > < TIME > 2025-12-29 17:44:04.148 < /TIME > < /HEADER > < ORIGINATED > < ORIGINATEDTYPE > M < /ORIGINATEDTYPE > < ORIGINATEDNAME / > < MACHINENAME > 6ECMB101 < /MACHINENAME > < CONNECTIONID > 6ECMB101 < /CONNECTIONID > < USERNAME / > < /ORIGINATED > < DATA > < LIST > < DATAID > 0 < /DATAID > < CEID > 152 < /CEID > < RPTIDCOUNT > < LIST > < RPTID > 8 < /RPTID > < VCOUNT > < VEHICLEID > BV0181 < /VEHICLEID > < CARRIERID > 4PDML395 < /CARRIERID > < CARRIERLOC > 6ABL6022_AI311 < /CARRIERLOC > < COMMANDID > N4PDML39520251229174042 < /COMMANDID > < /VCOUNT > < /LIST > < /RPTIDCOUNT > < /LIST > < /DATA > < TAIL > < SECSII > < ![CDATA[RECV S6F11:CarrierInstallRemoveEventReportSend W [D=6] [len=91] [SB=14611148] < L.3 < U4.1 [DATAID] '0' > < U2.1 [CEID] '152' > < L.1 [RPTIDCOUNT] < L.2 < U2.1 [RPTID] '8' > < L.4 [VCOUNT] < A.6 [VEHICLEID] 'BV0181' > < A.8 [CARRIERID] '4PDML395' > < A.14 [CARRIERLOC] '6ABL6022_AI311' > < A.23 [COMMANDID] 'N4PDML39520251229174042' > > > > > .]] > < /SECSII > < /TAIL > < /MESSAGE > . transactionId=MCS2025122917440415204-GcET. [GTXN:MCS2025122917440415204-GcET] ],WELL,6ECMB101,'MCS2025122917440415204-GcET,4PDML395,,ts11_m16a,EsListener.onMsg,[2025-12-29 17:44:04.152],Tibrv Dispatcher,
,RAIL-VEHICLEDEPOSITCOMPLETED,[ 2025-12-29 17:44:04.153 ] [ WELL ] [ Tibrv Dispatcher ] [ kr.co.aim.nanotrans.communication.msb.tibrv.marker.EsListener.onMsg ] [ < MESSAGE > < HEADER > < MESSAGENAME > RAIL-VEHICLEDEPOSITCOMPLETED < /MESSAGENAME > < TRANSACTIONID > MCS2025122917440415304-lWR9 < /TRANSACTIONID > < CONVERSATIONID > a34003ff-a5bf-4308-9cd9-f94fb4fd9d56 < /CONVERSATIONID > < TIME > 2025-12-29 17:44:04.149 < /TIME > < /HEADER > < ORIGINATED > < ORIGINATEDTYPE > M < /ORIGINATEDTYPE > < ORIGINATEDNAME / > < MACHINENAME > 6ECMB101 < /MACHINENAME > < CONNECTIONID > 6ECMB101 < /CONNECTIONID > < USERNAME / > < /ORIGINATED > < DATA > < LIST > < DATAID > 0 < /DATAID > < CEID > 207 < /CEID > < RPTIDCOUNT > < LIST > < RPTID > 7 < /RPTID > < VCOUNT > < VEHICLEID > BV0181 < /VEHICLEID > < CARRIERID > 4PDML395 < /CARRIERID > < TRANSFERPORT > 6ABL6022_AI311 < /TRANSFERPORT > < /VCOUNT > < /LIST > < /RPTIDCOUNT > < /LIST > < /DATA > < TAIL > < SECSII > < ![CDATA[RECV S6F11:VehicleAquireDepositEventReportSend W [D=6] [len=66] [SB=14611149] < L.3 < U4.1 [DATAID] '0' > < U2.1 [CEID] '207' > < L.1 [RPTIDCOUNT] < L.2 < U2.1 [RPTID] '7' > < L.3 [VCOUNT] < A.6 [VEHICLEID] 'BV0181' > < A.8 [CARRIERID] '4PDML395' > < A.14 [TRANSFERPORT] '6ABL6022_AI311' > > > > > .]] > < /SECSII > < /TAIL > < /MESSAGE > . transactionId=MCS2025122917440415304-lWR9. [GTXN:MCS2025122917440415304-lWR9] ],WELL,6ECMB101,'MCS2025122917440415304-lWR9,4PDML395,,ts14_m16a,EsListener.onMsg,[2025-12-29 17:44:04.153],Tibrv Dispatcher,
N4PDML39520251229174042,RAIL-TRANSFERCOMPLETED,[ 2025-12-29 17:44:04.154 ] [ WELL ] [ Tibrv Dispatcher ] [ kr.co.aim.nanotrans.communication.msb.tibrv.marker.EsListener.onMsg ] [ < MESSAGE > < HEADER > < MESSAGENAME > RAIL-TRANSFERCOMPLETED < /MESSAGENAME > < TRANSACTIONID > MCS2025122917440415404-Vq01 < /TRANSACTIONID > < CONVERSATIONID > b730b591-8b9a-493e-81f8-c71c7f89cd09 < /CONVERSATIONID > < TIME > 2025-12-29 17:44:04.150 < /TIME > < /HEADER > < ORIGINATED > < ORIGINATEDTYPE > M < /ORIGINATEDTYPE > < ORIGINATEDNAME / > < MACHINENAME > 6ECMB101 < /MACHINENAME > < CONNECTIONID > 6ECMB101 < /CONNECTIONID > < USERNAME / > < /ORIGINATED > < DATA > < LIST > < DATAID > 0 < /DATAID > < CEID > 107 < /CEID > < RPTIDCOUNT > < LIST > < RPTID > 11 < /RPTID > < VCOUNT > < COMMANDID > N4PDML39520251229174042 < /COMMANDID > < LIST > < TRANSFERCOMPLETEINFO > < TRANSFERINFO > < CARRIERID > 4PDML395 < /CARRIERID > < SOURCEPORT > 4AFC3301A_OUT89 < /SOURCEPORT > < DESTPORT > 6ABL6022_AI311 < /DESTPORT > < /TRANSFERINFO > < CARRIERLOC > 6ABL6022_AI311 < /CARRIERLOC > < /TRANSFERCOMPLETEINFO > < /LIST > < RESULTCODE > 0 < /RESULTCODE > < /VCOUNT > < /LIST > < /RPTIDCOUNT > < /LIST > < /DATA > < TAIL > < SECSII > < ![CDATA[RECV S6F11:TransferCompletedEventReportSend W [D=6] [len=126] [SB=14611151] < L.3 < U4.1 [DATAID] '0' > < U2.1 [CEID] '107' > < L.1 [RPTIDCOUNT] < L.2 < U2.1 [RPTID] '11' > < L.3 [VCOUNT] < A.23 [COMMANDID] 'N4PDML39520251229174042' > < L.1 < L.2 [TRANSFERCOMPLETEINFO] < L.3 [TRANSFERINFO] < A.8 [CARRIERID] '4PDML395' > < A.15 [SOURCEPORT] '4AFC3301A_OUT89' > < A.14 [DESTPORT] '6ABL6022_AI311' > > < A.14 [CARRIERLOC] '6ABL6022_AI311' > > > < U2.1 [RESULTCODE] '0' > > > > > .]] > < /SECSII > < /TAIL > < /MESSAGE > . transactionId=MCS2025122917440415404-Vq01. [GTXN:MCS2025122917440415404-Vq01] ],WELL,6ECMB101,'MCS2025122917440415404-Vq01,4PDML395,,ts01_m16a,EsListener.onMsg,[2025-12-29 17:44:04.154],Tibrv Dispatcher,
N4PDML39520251229174042,RAIL-VEHICLEUNASSIGNED,[ 2025-12-29 17:44:04.154 ] [ WELL ] [ Tibrv Dispatcher ] [ kr.co.aim.nanotrans.communication.msb.tibrv.marker.EsListener.onMsg ] [ < MESSAGE > < HEADER > < MESSAGENAME > RAIL-VEHICLEUNASSIGNED < /MESSAGENAME > < TRANSACTIONID > MCS2025122917440415404-nqoS < /TRANSACTIONID > < CONVERSATIONID > 52712b9e-368c-4c07-9e53-3282cf04ff1b < /CONVERSATIONID > < TIME > 2025-12-29 17:44:04.149 < /TIME > < /HEADER > < ORIGINATED > < ORIGINATEDTYPE > M < /ORIGINATEDTYPE > < ORIGINATEDNAME / > < MACHINENAME > 6ECMB101 < /MACHINENAME > < CONNECTIONID > 6ECMB101 < /CONNECTIONID > < USERNAME / > < /ORIGINATED > < DATA > < LIST > < DATAID > 0 < /DATAID > < CEID > 210 < /CEID > < RPTIDCOUNT > < LIST > < RPTID > 6 < /RPTID > < VCOUNT > < VEHICLEID > BV0181 < /VEHICLEID > < COMMANDID > N4PDML39520251229174042 < /COMMANDID > < /VCOUNT > < /LIST > < /RPTIDCOUNT > < /LIST > < /DATA > < TAIL > < SECSII > < ![CDATA[RECV S6F11:VehicleAssignedEventReportSend W [D=6] [len=65] [SB=14611150] < L.3 < U4.1 [DATAID] '0' > < U2.1 [CEID] '210' > < L.1 [RPTIDCOUNT] < L.2 < U2.1 [RPTID] '6' > < L.2 [VCOUNT] < A.6 [VEHICLEID] 'BV0181' > < A.23 [COMMANDID] 'N4PDML39520251229174042' > > > > > .]] > < /SECSII > < /TAIL > < /MESSAGE > . transactionId=MCS2025122917440415404-nqoS. [GTXN:MCS2025122917440415404-nqoS] ],WELL,6ECMB101,'MCS2025122917440415404-nqoS,,,ts03_m16a,EsListener.onMsg,[2025-12-29 17:44:04.154],Tibrv Dispatcher,
