날짜,시간,FAB,ALARM_KR,ALARM_EN,HID_ZONE,HID_section,OHT_report,OHT_missing,OHT_JAM,ZONE_STOP,FILE_NAME,FILE_PATH
2026-10-03,20:14,M16HUB,경계,WARNING,,,,,,,PROBLEM_MAP_M16HUB_20261003_2014_WARNING.html,pjt_shared_pool/job/vhl_ohl/HID_BOTTLENECK/PROBLEM_MAP/M16HUB_20261003/PROBLEM_MAP_M16HUB_20261003_2014_WARNING.html
2026-10-03,20:15,M16HUB,경계,WARNING,,,,,,,PROBLEM_MAP_M16HUB_20261003_2015_WARNING.html,pjt_shared_pool/job/vhl_ohl/HID_BOTTLENECK/PROBLEM_MAP/M16HUB_20261003/PROBLEM_MAP_M16HUB_20261003_2015_WARNING.html
2026-10-03,20:16,M16HUB,경계,WARNING,,,,,,,PROBLEM_MAP_M16HUB_20261003_2016_WARNING.html,pjt_shared_pool/job/vhl_ohl/HID_BOTTLENECK/PROBLEM_MAP/M16HUB_20261003/PROBLEM_MAP_M16HUB_20261003_2016_WARNING.html
2026-10-03,20:17,M16HUB,경계,WARNING,,,,,,,PROBLEM_MAP_M16HUB_20261003_2017_WARNING.html,pjt_shared_pool/job/vhl_ohl/HID_BOTTLENECK/PROBLEM_MAP/M16HUB_20261003/PROBLEM_MAP_M16HUB_20261003_2017_WARNING.html
2026-10-03,20:19,M16HUB,위험,DANGER,,,,,,,PROBLEM_MAP_M16HUB_20261003_2019_DANGER.html,pjt_shared_pool/job/vhl_ohl/HID_BOTTLENECK/PROBLEM_MAP/M16HUB_20261003/PROBLEM_MAP_M16HUB_20261003_2019_DANGER.html
2026-10-03,20:20,M16HUB,위험,DANGER,,,,,,,PROBLEM_MAP_M16HUB_20261003_2020_DANGER.html,pjt_shared_pool/job/vhl_ohl/HID_BOTTLENECK/PROBLEM_MAP/M16HUB_20261003/PROBLEM_MAP_M16HUB_20261003_2020_DANGER.html
2026-10-03,20:21,M16HUB,위험,DANGER,,,,,,,PROBLEM_MAP_M16HUB_20261003_2021_DANGER.html,pjt_shared_pool/job/vhl_ohl/HID_BOTTLENECK/PROBLEM_MAP/M16HUB_20261003/PROBLEM_MAP_M16HUB_20261003_2021_DANGER.html
2026-10-03,20:22,M16HUB,경계,WARNING,,,,,,,PROBLEM_MAP_M16HUB_20261003_2022_WARNING.html,pjt_shared_pool/job/vhl_ohl/HID_BOTTLENECK/PROBLEM_MAP/M16HUB_20261003/PROBLEM_MAP_M16HUB_20261003_2022_WARNING.html
2026-10-03,20:24,M16HUB,위험,DANGER,,,,,,,PROBLEM_MAP_M16HUB_20261003_2024_DANGER.html,pjt_shared_pool/job/vhl_ohl/HID_BOTTLENECK/PROBLEM_MAP/M16HUB_20261003/PROBLEM_MAP_M16HUB_20261003_2024_DANGER.html
